# Blender 5.0.0
# www.blender.org
mtllib Work-resurses.mtl
o Platformcar
v -8.000000 -5.000000 12.000000
v -8.000000 -1.747813 13.474598
v -8.000000 -3.394116 -12.000000
v -8.000000 -1.747813 -12.000000
v 8.000000 -5.000000 12.000000
v 8.000000 -1.747813 13.474598
v 8.000000 -3.394116 -12.000000
v 8.000000 -1.747813 -12.000000
v -8.000000 -2.183706 13.474598
v -8.000000 -2.183706 -12.000000
v 8.000000 -2.183706 -12.000000
v 8.000000 -2.183706 13.474598
v -8.000000 -5.000000 -9.999999
v -8.000000 -5.000000 9.999999
v -8.000000 -1.747813 9.999999
v -8.000000 -1.747813 -9.999999
v 8.000000 -5.000000 9.999999
v 8.000000 -5.000000 -9.999999
v 8.000000 -1.747813 -9.999999
v 8.000000 -1.747813 9.999999
v 8.000000 -2.183706 -9.999999
v 8.000000 -2.183706 9.999999
v -8.000000 -2.183706 9.999999
v -8.000000 -2.183706 -9.999999
v 2.666667 -3.394116 -12.000000
v -2.666667 -3.394116 -12.000000
v -2.666667 -1.747813 -12.000000
v 2.666667 -1.747813 -12.000000
v -2.666667 -5.000000 12.000000
v 2.666667 -5.000000 12.000000
v 2.666667 -1.747813 13.474598
v -2.666667 -1.747813 13.474598
v 2.666667 -2.183706 13.474598
v -2.666667 -2.183706 13.474598
v -2.666667 -2.183706 -12.000000
v 2.666667 -2.183706 -12.000000
v -2.666667 -1.747813 -9.999999
v 2.666667 -1.747813 -9.999999
v -2.666667 -1.747813 9.999999
v 2.666667 -1.747813 9.999999
v 2.666667 -5.000000 -9.999999
v -2.666667 -5.000000 -9.999999
v 2.666667 -5.000000 9.999999
v -2.666667 -5.000000 9.999999
v -4.433028 -5.000001 -9.666666
v -4.433028 -5.000001 9.666666
v -8.000000 -1.747812 9.666666
v -7.600000 -1.947812 -9.066666
v 4.433028 -5.000001 9.666666
v 4.433028 -5.000001 -9.666666
v 8.000000 -1.747812 -9.666666
v 8.000000 -1.713082 9.704180
v 8.000000 -2.183706 -9.666666
v 8.000000 -2.183706 9.666666
v -8.000000 -2.183706 9.666666
v -8.000000 -2.183706 -9.666666
v -2.666667 -5.000001 -9.666666
v -2.666667 -5.000001 9.666666
v 2.666667 -5.000001 -9.666666
v 2.666667 -5.000001 9.666666
v 3.066667 -1.947812 -9.066666
v 2.666667 -1.713082 9.704180
v -3.066667 -1.947812 -9.066666
v -2.666667 -1.747812 9.666666
v -4.433028 -5.804175 -9.666666
v -4.433028 -5.804175 9.666666
v 4.433028 -5.804175 9.666666
v 4.433028 -5.804175 -9.666666
v -1.333333 -6.136305 -9.666666
v -1.333333 -6.136305 9.666666
v 1.333333 -6.136305 -9.666666
v 1.333333 -6.136305 9.666666
v 6.000000 -2.183706 14.368569
v 6.000000 -5.000000 14.368569
v 2.666667 -3.371563 14.368569
v -6.000000 -5.000000 14.368569
v -6.000000 -2.183706 14.368569
v -2.666667 -2.183706 14.368569
v -2.666667 -3.371563 14.368569
v 2.666667 -2.183706 14.368569
v -4.433028 -5.000001 4.343733
v -7.600000 -1.947812 3.743733
v 4.433028 -5.000001 4.343733
v 8.000000 -1.747812 4.343733
v 8.000000 -2.183706 4.343733
v -8.000000 -2.183706 4.343733
v 3.066667 -1.947812 3.743733
v -3.066667 -1.947812 3.743733
v -4.433028 -5.804175 4.343733
v 4.433028 -5.804175 4.343733
v -1.333333 -6.136305 4.343733
v 1.333333 -6.136305 4.343733
v 8.000000 4.265519 4.343733
v 8.000000 4.249923 10.480537
v 2.666667 4.265519 4.343733
v 2.666667 4.249923 10.480537
v 2.666667 -1.747813 -14.000000
v 8.000000 -1.747813 -14.000000
v -8.000000 -1.747813 -14.000000
v -8.000000 -2.183706 -14.000000
v 8.000000 -2.183706 -14.000000
v 2.666667 -2.183706 -14.000000
v -2.666667 -1.747813 -14.000000
v -2.666667 -2.183706 -14.000000
v -10.000000 -1.747813 -9.999999
v -10.000000 -1.747813 -12.000000
v -10.000000 -2.183706 -12.000000
v -10.000000 -2.183706 -9.999999
v -10.000000 -1.747813 9.999999
v -10.000000 -1.747812 -9.666666
v -10.000000 -2.183706 9.999999
v -10.000000 -2.183706 -9.666666
v -10.000000 -1.747812 9.666666
v -10.000000 -1.747812 4.343733
v -10.000000 -2.183706 9.666666
v -10.000000 -2.183706 4.343733
v 8.000000 -1.747813 -12.000000
v 8.000000 -2.183706 -12.000000
v 8.000000 -1.747813 -9.999999
v 8.000000 -2.183706 -9.999999
v 8.000000 -1.747813 -14.000000
v 8.000000 -2.183706 -14.000000
v 10.000000 -1.747813 9.999999
v 10.000000 -2.183706 9.999999
v 10.000000 -1.747812 9.666666
v 10.000000 -2.183706 9.666666
v 10.000000 -1.747813 -9.999999
v 10.000000 -2.183706 -9.999999
v 10.000000 -1.747812 -9.666666
v 10.000000 -1.747812 4.343733
v 10.000000 -2.183706 -9.666666
v 10.000000 -2.183706 4.343733
v 10.000000 -1.747813 -12.000000
v 10.000000 -2.183706 -12.000000
v 10.000000 -1.747813 -9.999999
v 10.000000 -2.183706 -9.999999
v 8.000000 3.787533 4.343733
v 8.000000 3.775937 10.418826
v 2.666667 3.775937 10.418826
v 2.666667 3.787533 4.343733
v 8.000000 0.331827 9.970418
v 2.666667 0.331827 9.970418
v 2.666667 0.314355 4.343733
v 8.000000 0.314355 4.343733
v -4.433028 -5.000001 5.674469
v -4.433028 -5.000001 8.335936
v 7.663741 -1.747812 5.674469
v 7.663741 -1.747812 8.335936
v 8.000000 -2.183707 5.674469
v 8.000000 -2.183707 8.335936
v 2.666667 -1.747812 5.674469
v 2.666667 -1.747812 8.335936
v -2.666667 -1.747812 5.674469
v -2.666667 -1.747812 8.335936
v -4.433028 -5.804176 5.674469
v -4.433028 -5.804176 8.335936
v -1.333333 -6.136307 5.674469
v -1.333333 -6.136307 8.335936
v 1.333333 -6.136307 5.674469
v 1.333333 -6.136307 8.335936
v -8.000000 -1.747812 8.335936
v -8.000000 -1.747812 5.674469
v 4.433028 -5.000001 8.335936
v 4.433028 -5.000001 5.674469
v -8.000000 -2.183707 8.335936
v -8.000000 -2.183707 5.674469
v 4.433028 -5.804176 8.335936
v 4.433028 -5.804176 5.674469
v 8.000000 4.265519 5.674469
v 8.000000 4.265519 8.335936
v 2.666667 4.265519 5.674469
v 2.666667 4.265519 8.335936
v -10.000000 -1.747812 8.335936
v -10.000000 -1.747812 5.674469
v -10.000000 -2.183707 8.335936
v -10.000000 -2.183707 5.674469
v 10.000000 -1.747812 5.674469
v 10.000000 -1.747812 8.335936
v 10.000000 -2.183707 5.674469
v 10.000000 -2.183707 8.335936
v 2.666667 3.684361 8.335936
v 2.666667 3.684361 5.674469
v 7.663741 3.787534 5.674469
v 7.663741 3.787534 8.335936
v 7.663741 0.314356 5.674469
v 7.663741 0.314356 8.335936
v 2.666667 0.417528 8.335936
v 2.666667 0.417528 5.674469
v 3.066666 -1.747813 -12.000000
v 3.066666 -5.000000 12.000000
v 3.066666 -2.183706 -12.000000
v 3.066666 -1.747813 -9.999999
v 3.066666 -1.747813 9.999999
v 3.066666 -3.394116 -12.000000
v 3.066666 -1.747813 13.474598
v 3.066666 -2.183706 13.474598
v 3.066666 -5.000000 -9.999999
v 3.066666 -5.000000 9.999999
v 3.066666 -1.947812 -9.066666
v 3.066666 -1.713082 9.704180
v 2.799144 -5.000001 -9.666666
v 2.799144 -5.000001 9.666666
v 1.565810 -5.988378 -9.666666
v 1.565810 -5.988378 9.666666
v 2.916667 -3.493696 14.368569
v 2.916667 -2.183706 14.368569
v 1.565810 -5.988378 4.343733
v 3.066666 -1.947812 3.743733
v 3.066666 4.687768 11.387324
v 3.066666 4.514153 4.343733
v 3.066666 -1.747813 -14.000000
v 3.066666 -2.183706 -14.000000
v 3.231742 3.684361 4.343733
v 3.231742 3.673628 10.405506
v 3.231742 0.434136 9.983738
v 3.231742 0.417528 4.343733
v 3.066666 4.816772 5.674469
v 3.066666 4.816772 8.335936
v 1.565810 -5.988379 5.674469
v 1.565810 -5.988379 8.335936
v 7.630000 -1.747813 -12.000000
v 7.630000 -5.000000 12.000000
v 7.630000 -2.183706 -12.000000
v 7.630000 -1.747813 -9.999999
v 7.630000 -1.747813 9.999999
v 7.230000 -1.947812 -9.066666
v 7.630000 -1.713082 9.704180
v 5.768750 -4.887027 14.368569
v 7.230000 -1.947812 3.743733
v 7.630000 4.687768 11.387324
v 7.630000 4.514153 4.343733
v 7.630000 -1.747813 -14.000000
v 7.630000 -2.183706 -14.000000
v 7.464924 3.684361 4.343733
v 7.464924 0.417528 4.343733
v 7.630000 4.816772 5.674469
v 7.630000 4.816772 8.335936
v 7.630000 -3.394116 -12.000000
v 7.630000 -1.747813 13.474598
v 7.630000 -2.183706 13.474598
v 7.630000 -5.000000 -9.999999
v 7.630000 -5.000000 9.999999
v 4.310486 -5.000001 -9.666666
v 4.310486 -5.000001 9.666666
v 4.217987 -5.941009 -9.666666
v 4.217987 -5.941009 9.666666
v 5.768750 -2.183706 14.368569
v 4.217987 -5.941009 4.343733
v 7.464924 3.673628 10.405506
v 7.464924 0.434136 9.983738
v 4.217987 -5.941010 5.674469
v 4.217987 -5.941010 8.335936
v -4.433028 -5.000001 9.395498
v 8.000000 -1.747812 9.395498
v 8.000000 -2.183706 9.395498
v 2.666667 -1.747812 9.395498
v -2.666667 -1.747812 9.395498
v -4.433028 -5.804175 9.395498
v -1.333333 -6.136305 9.395498
v 1.333333 -6.136305 9.395498
v 8.000000 4.265519 9.395498
v 2.666667 4.265519 9.395498
v 10.000000 -1.747812 9.395498
v 10.000000 -2.183706 9.395498
v 8.000000 3.787533 9.395498
v 8.000000 0.314355 9.395498
v -8.000000 -1.747812 9.395498
v 4.433028 -5.000001 9.395498
v -8.000000 -2.183706 9.395498
v 4.433028 -5.804175 9.395498
v -10.000000 -1.747812 9.395498
v -10.000000 -2.183706 9.395498
v 2.666667 3.684361 9.147884
v 2.666667 0.417528 9.147884
v 3.066666 4.816771 9.395498
v 1.565810 -5.988378 9.395498
v 7.630000 4.816771 9.395498
v 4.217987 -5.941009 9.395498
v -8.000000 -1.747812 4.657897
v 4.433028 -5.000001 4.657897
v -8.000000 -2.183706 4.657897
v 4.433028 -5.804175 4.657897
v -10.000000 -1.747812 4.657897
v -10.000000 -2.183706 4.657897
v 2.666667 3.684361 4.905510
v 2.666667 0.417528 4.905510
v -4.433028 -5.000001 4.657897
v 8.000000 -1.747812 4.657897
v 8.000000 -2.183706 4.657897
v 2.666667 -1.747812 4.657897
v -2.666667 -1.747812 4.657897
v -4.433028 -5.804175 4.657897
v -1.333333 -6.136305 4.657897
v 1.333333 -6.136305 4.657897
v 8.000000 4.265519 4.657897
v 2.666667 4.265519 4.657897
v 10.000000 -1.747812 4.657897
v 10.000000 -2.183706 4.657897
v 8.000000 3.787533 4.657897
v 8.000000 0.314355 4.657897
v 1.565810 -5.988378 4.657897
v 3.066666 4.514153 4.657897
v 7.630000 4.514153 4.657897
v 4.217987 -5.941009 4.657897
v 7.572925 -1.712088 5.760207
v 7.572925 -1.712088 8.250197
v 7.572925 3.751810 5.760207
v 7.572925 3.751810 8.250197
v 7.572925 0.314356 5.674469
v 7.572925 0.314356 8.335936
v 7.572925 -1.747812 5.674469
v 7.572925 -1.747812 8.335936
v 7.572925 3.787534 5.674469
v 7.572925 3.787534 8.335936
v 7.572925 0.314356 8.250197
v 7.572925 0.314356 5.760207
v 7.735303 1.837096 6.022408
v 7.735303 1.837096 7.987994
v 7.735303 -1.712088 5.760207
v 7.735303 -1.712088 8.250197
v 7.735303 3.122689 6.022408
v 7.735303 3.122689 7.987994
v 7.735303 0.314356 5.760207
v 7.735303 0.314356 8.250197
v 7.735303 3.751810 5.760207
v 7.735303 3.751810 8.250197
v 7.621742 1.837096 6.022408
v 7.621742 1.837096 7.987994
v 7.621742 3.122689 6.022408
v 7.621742 3.122689 7.987994
v 2.666667 3.787533 9.395498
v 2.666667 3.787534 8.335936
v 2.666667 3.787534 5.674469
v 2.666667 0.314355 9.395498
v 2.666667 0.314356 8.335936
v 2.666667 0.314356 5.674469
v 7.630000 3.775937 10.418826
v 3.066666 3.775937 10.418826
v 7.630000 0.331827 9.970418
v 3.066666 0.331827 9.970418
v 3.066666 0.314355 4.343733
v 3.066666 3.787533 4.343733
v 7.630000 3.787533 4.343733
v 7.630000 0.314355 4.343733
v 2.666667 3.787533 4.657897
v 2.666667 0.314355 4.657897
v 7.464924 3.699449 10.207180
v 3.231742 3.699449 10.207180
v 7.464924 0.459957 9.785412
v 3.231742 0.459957 9.785412
v 2.666667 0.417528 5.674469
v 2.666667 3.684361 5.674469
v 2.666667 0.417528 8.335936
v 2.666667 3.684361 8.335936
v 2.666667 3.684361 9.147884
v 2.666667 0.417528 9.147884
v 2.666667 3.684361 4.905510
v 2.666667 0.417528 4.905510
v 2.866667 0.417528 5.674469
v 2.866667 3.684361 5.674469
v 2.866667 0.417528 8.335936
v 2.866667 3.684361 8.335936
v 2.866667 3.684361 9.147884
v 2.866667 0.417528 9.147884
v 2.866667 3.684361 4.905510
v 2.866667 0.417528 4.905510
v 3.231742 0.417528 4.543733
v 3.231742 3.684361 4.543733
v 7.464924 3.684361 4.543733
v 7.464924 0.417528 4.543733
v -8.000000 -1.747812 4.343733
v -8.000000 -1.747812 -9.666666
v -2.266666 -1.947812 -9.066666
v 2.266666 -1.947812 -9.066666
v 2.266666 -1.947812 3.743733
v -2.266666 -1.947812 3.743733
v 3.066666 -1.747812 -9.666666
v 3.066666 -1.747812 4.343733
v 7.630000 -1.747812 -9.666666
v 7.630000 -1.747812 4.343733
v -2.666667 -1.747812 -9.666666
v 2.666667 -1.747812 -9.666666
v 2.666667 -1.747812 4.343733
v -2.666667 -1.747812 4.343733
v -1.333333 -8.356102 8.460931
v -1.333333 -8.356102 8.732099
v 1.333333 -8.356102 8.460931
v 1.333333 -8.356102 8.732099
v 1.333333 -8.356102 -7.741392
v -1.333333 -8.356102 -7.741392
v -1.333333 -8.356102 4.343733
v 1.333333 -8.356102 4.343733
v -1.333333 -8.356102 4.657897
v -1.333333 -8.356103 5.674469
v -1.333333 -8.356103 8.335936
v 1.333333 -8.356102 4.657897
v 1.333333 -8.356103 5.674469
v 1.333333 -8.356103 8.335936
v -10.111180 -10.119758 9.825329
v -10.111180 -6.772187 9.825329
v -10.111180 -10.119758 -10.285809
v -10.111180 -6.772187 -10.285809
v -1.634363 -10.119758 9.825329
v -1.634363 -6.772187 9.825329
v -1.634363 -10.119758 -10.285809
v -1.634363 -6.772187 -10.285809
v -10.111180 -10.445972 -11.101344
v -10.111180 -10.445972 10.640865
v -10.111180 -6.445972 10.640865
v -10.111180 -6.445972 -11.101344
v -1.634363 -6.445972 -11.101344
v -1.634363 -10.445972 -11.101344
v -1.634363 -10.445972 10.640865
v -1.634363 -6.445972 10.640865
v -10.111180 -9.338216 12.570445
v -10.111180 -7.553729 12.570445
v -10.111180 -7.553729 -13.030924
v -10.111180 -9.338217 -13.030924
v -1.634363 -7.553729 -13.030924
v -1.634363 -9.338217 -13.030924
v -1.634363 -7.553729 12.570445
v -1.634363 -9.338217 12.570445
v -1.934362 -9.338217 -13.030924
v -1.934362 -10.119758 -10.285809
v -1.934362 -10.119758 9.825329
v -1.934362 -6.772187 -10.285809
v -1.934362 -6.772187 9.825329
v -1.934362 -9.338217 12.570445
v -1.934362 -7.553729 -13.030924
v -1.934362 -7.553729 12.570445
v -9.111180 -10.119758 -10.285809
v -9.111180 -10.119758 9.825329
v -9.111180 -7.553729 12.570445
v -9.111180 -6.772187 9.825329
v -9.111180 -6.772187 -10.285809
v -9.111180 -9.338217 -13.030924
v -9.111180 -9.338216 12.570445
v -9.111180 -7.553729 -13.030924
v -10.111180 -9.638696 12.520370
v -10.111180 -8.986895 12.815083
v -10.111180 -9.361364 12.603010
v -10.111180 -7.905050 12.815083
v -10.111180 -7.253250 12.520370
v -10.111180 -7.530581 12.603010
v -10.111180 -7.253250 -12.980848
v -10.111180 -7.905050 -13.275561
v -10.111180 -7.530581 -13.063490
v -10.111180 -8.986895 -13.275561
v -10.111180 -9.638696 -12.980848
v -10.111180 -9.361364 -13.063490
v -1.634363 -7.905050 -13.275561
v -1.634363 -7.253250 -12.980848
v -1.634363 -7.530581 -13.063490
v -1.634363 -9.638696 -12.980848
v -1.634363 -8.986895 -13.275561
v -1.634363 -9.361364 -13.063490
v -1.634363 -7.253250 12.520370
v -1.634363 -7.905050 12.815083
v -1.634363 -7.530581 12.603010
v -1.634363 -8.986895 12.815083
v -1.634363 -9.638696 12.520370
v -1.634363 -9.361364 12.603010
v -10.111180 -10.206509 -9.289494
v -10.111180 -10.445972 -7.477643
v -10.111180 -10.206509 -5.665792
v -10.111180 -10.445972 -3.853941
v -10.111180 -10.206509 -2.042090
v -10.111180 -10.445972 -0.230239
v -10.111180 -10.206509 1.581612
v -10.111180 -10.445972 3.393462
v -10.111180 -10.206509 5.205313
v -10.111180 -10.445972 7.017164
v -10.111180 -10.206509 8.829015
v -10.111180 -6.206509 8.829015
v -10.111180 -6.445972 7.017164
v -10.111180 -6.206509 5.205313
v -10.111180 -6.445972 3.393462
v -10.111180 -6.206509 1.581611
v -10.111180 -6.445972 -0.230240
v -10.111180 -6.206509 -2.042090
v -10.111180 -6.445972 -3.853941
v -10.111180 -6.206509 -5.665792
v -10.111180 -6.445972 -7.477643
v -10.111180 -6.206509 -9.289494
v -1.634363 -10.206509 8.829015
v -1.634363 -10.445972 7.017164
v -1.634363 -10.206509 5.205313
v -1.634363 -10.445972 3.393462
v -1.634363 -10.206509 1.581611
v -1.634363 -10.445972 -0.230240
v -1.634363 -10.206509 -2.042090
v -1.634363 -10.445972 -3.853941
v -1.634363 -10.206509 -5.665792
v -1.634363 -10.445972 -7.477643
v -1.634363 -10.206509 -9.289494
v -1.634363 -6.206509 -9.289494
v -1.634363 -6.445972 -7.477643
v -1.634363 -6.206509 -5.665792
v -1.634363 -6.445972 -3.853941
v -1.634363 -6.206509 -2.042090
v -1.634363 -6.445972 -0.230239
v -1.634363 -6.206509 1.581612
v -1.634363 -6.445972 3.393462
v -1.634363 -6.206509 5.205313
v -1.634363 -6.445972 7.017164
v -1.634363 -6.206509 8.829015
v -10.111180 -10.119758 -8.609879
v -10.111180 -10.119758 -6.933951
v -10.111180 -10.119758 -5.258023
v -10.111180 -10.119758 -3.582095
v -10.111180 -10.119758 -1.906167
v -10.111180 -10.119758 -0.230239
v -10.111180 -10.119758 1.445689
v -10.111180 -10.119758 3.121617
v -10.111180 -10.119758 4.797545
v -10.111180 -10.119758 6.473474
v -10.111180 -10.119758 8.149402
v -10.111180 -6.772187 8.149401
v -10.111180 -6.772187 6.473473
v -10.111180 -6.772187 4.797544
v -10.111180 -6.772187 3.121616
v -10.111180 -6.772187 1.445688
v -10.111180 -6.772187 -0.230240
v -10.111180 -6.772187 -1.906168
v -10.111180 -6.772187 -3.582096
v -10.111180 -6.772187 -5.258024
v -10.111180 -6.772187 -6.933952
v -10.111180 -6.772187 -8.609880
v -1.634363 -10.119758 8.149401
v -1.634363 -10.119758 6.473473
v -1.634363 -10.119758 4.797544
v -1.634363 -10.119758 3.121616
v -1.634363 -10.119758 1.445688
v -1.634363 -10.119758 -0.230240
v -1.634363 -10.119758 -1.906168
v -1.634363 -10.119758 -3.582096
v -1.634363 -10.119758 -5.258024
v -1.634363 -10.119758 -6.933952
v -1.634363 -10.119758 -8.609880
v -1.634363 -6.772187 -8.609879
v -1.634363 -6.772187 -6.933951
v -1.634363 -6.772187 -5.258023
v -1.634363 -6.772187 -3.582095
v -1.634363 -6.772187 -1.906167
v -1.634363 -6.772187 -0.230239
v -1.634363 -6.772187 1.445689
v -1.634363 -6.772187 3.121617
v -1.634363 -6.772187 4.797545
v -1.634363 -6.772187 6.473474
v -1.634363 -6.772187 8.149402
v -1.934362 -10.119758 8.149401
v -1.934362 -10.119758 6.473473
v -1.934362 -10.119758 4.797544
v -1.934362 -10.119758 3.121616
v -1.934362 -10.119758 1.445688
v -1.934362 -10.119758 -0.230240
v -1.934362 -10.119758 -1.906168
v -1.934362 -10.119758 -3.582096
v -1.934362 -10.119758 -5.258024
v -1.934362 -10.119758 -6.933952
v -1.934362 -10.119758 -8.609880
v -1.934362 -6.772187 -8.609879
v -1.934362 -6.772187 -6.933951
v -1.934362 -6.772187 -5.258023
v -1.934362 -6.772187 -3.582095
v -1.934362 -6.772187 -1.906167
v -1.934362 -6.772187 -0.230239
v -1.934362 -6.772187 1.445689
v -1.934362 -6.772187 3.121617
v -1.934362 -6.772187 4.797545
v -1.934362 -6.772187 6.473474
v -1.934362 -6.772187 8.149402
v -1.934362 -9.338217 -10.897477
v -1.934362 -9.338217 -8.764030
v -1.934362 -9.338217 -6.630582
v -1.934362 -9.338217 -4.497134
v -1.934362 -9.338217 -2.363687
v -1.934362 -9.338217 -0.230239
v -1.934362 -9.338217 1.903208
v -1.934362 -9.338217 4.036655
v -1.934362 -9.338217 6.170103
v -1.934362 -9.338217 8.303551
v -1.934362 -9.338217 10.436998
v -1.934362 -7.553729 -10.897477
v -1.934362 -7.553729 -8.764030
v -1.934362 -7.553729 -6.630582
v -1.934362 -7.553729 -4.497134
v -1.934362 -7.553729 -2.363687
v -1.934362 -7.553729 -0.230239
v -1.934362 -7.553729 1.903208
v -1.934362 -7.553729 4.036655
v -1.934362 -7.553729 6.170103
v -1.934362 -7.553729 8.303551
v -1.934362 -7.553729 10.436998
v -9.111180 -10.119758 -8.609879
v -9.111180 -10.119758 -6.933951
v -9.111180 -10.119758 -5.258023
v -9.111180 -10.119758 -3.582095
v -9.111180 -10.119758 -1.906167
v -9.111180 -10.119758 -0.230239
v -9.111180 -10.119758 1.445689
v -9.111180 -10.119758 3.121617
v -9.111180 -10.119758 4.797545
v -9.111180 -10.119758 6.473474
v -9.111180 -10.119758 8.149402
v -9.111180 -6.772187 8.149401
v -9.111180 -6.772187 6.473473
v -9.111180 -6.772187 4.797544
v -9.111180 -6.772187 3.121616
v -9.111180 -6.772187 1.445688
v -9.111180 -6.772187 -0.230240
v -9.111180 -6.772187 -1.906168
v -9.111180 -6.772187 -3.582096
v -9.111180 -6.772187 -5.258024
v -9.111180 -6.772187 -6.933952
v -9.111180 -6.772187 -8.609880
v -9.111180 -9.338216 10.436998
v -9.111180 -9.338216 8.303551
v -9.111180 -9.338216 6.170103
v -9.111180 -9.338216 4.036655
v -9.111180 -9.338216 1.903208
v -9.111180 -9.338216 -0.230240
v -9.111180 -9.338216 -2.363687
v -9.111180 -9.338216 -4.497134
v -9.111180 -9.338216 -6.630582
v -9.111180 -9.338216 -8.764030
v -9.111180 -9.338217 -10.897477
v -9.111180 -7.553729 10.436998
v -9.111180 -7.553729 8.303551
v -9.111180 -7.553729 6.170103
v -9.111180 -7.553729 4.036655
v -9.111180 -7.553729 1.903208
v -9.111180 -7.553729 -0.230240
v -9.111180 -7.553729 -2.363687
v -9.111180 -7.553729 -4.497134
v -9.111180 -7.553729 -6.630582
v -9.111180 -7.553729 -8.764030
v -9.111180 -7.553729 -10.897477
v -9.972777 -9.645544 -8.251322
v -9.972777 -7.246401 -8.251322
v -9.972777 -9.645544 -10.650465
v -9.972777 -7.246401 -10.650465
v -9.233887 -9.645544 -8.251322
v -9.233887 -7.246401 -8.251322
v -9.233887 -9.645544 -10.650465
v -9.233887 -7.246401 -10.650465
v -9.977590 -10.075972 -9.994226
v -9.977590 -10.075972 -8.907559
v -9.977590 -6.815972 -8.907559
v -9.977590 -6.815972 -9.994226
v -9.018084 -10.075972 -8.907559
v -9.018084 -10.075972 -9.994226
v -9.018084 -6.815972 -9.994226
v -9.018084 -6.815972 -8.907559
v -9.977590 -8.989306 -7.820893
v -9.977590 -7.902639 -7.820893
v -9.977590 -7.902639 -11.080893
v -9.977590 -8.989306 -11.080893
v -9.018084 -7.902639 -11.080894
v -9.018084 -8.989306 -11.080894
v -9.018084 -7.902639 -7.820893
v -9.018084 -8.989306 -7.820893
v -9.018084 -7.902639 -9.994226
v -9.018084 -8.989306 -9.994226
v -9.018084 -7.902639 -8.907559
v -9.018084 -8.989306 -8.907559
v -10.188580 -7.404632 -8.409553
v -10.188580 -9.487313 -8.409553
v -10.188580 -7.404632 -10.492233
v -10.188580 -9.487313 -10.492233
v -9.977590 -8.627084 -7.820893
v -9.977590 -8.264862 -7.820893
v -9.977590 -8.264862 -11.080893
v -9.977590 -8.627084 -11.080893
v -9.018084 -8.264862 -11.080894
v -9.018084 -8.627084 -11.080894
v -9.018084 -8.264862 -7.820893
v -9.018084 -8.627084 -7.820893
v -9.018084 -8.264862 -9.994226
v -9.018084 -8.627084 -9.994226
v -9.018084 -8.264862 -8.907559
v -9.018084 -8.627084 -8.907559
v -10.188580 -8.098859 -8.409553
v -10.188580 -8.793086 -8.409553
v -10.188580 -8.098859 -10.492233
v -10.188580 -8.793086 -10.492233
v -9.977590 -10.075972 -9.632004
v -9.977590 -10.075972 -9.269781
v -9.977590 -6.815972 -9.269781
v -9.977590 -6.815972 -9.632004
v -9.018084 -10.075972 -9.269781
v -9.018084 -10.075972 -9.632004
v -9.018084 -6.815972 -9.632004
v -9.018084 -6.815972 -9.269781
v -10.188580 -9.487313 -9.103779
v -10.188580 -9.487313 -9.798006
v -10.188580 -7.404632 -9.103779
v -10.188580 -7.404632 -9.798006
v -9.018084 -8.989306 -9.632004
v -9.018084 -8.989306 -9.269781
v -9.018084 -7.902639 -9.632004
v -9.018084 -7.902639 -9.269781
v -9.018084 -8.627084 -9.632004
v -9.018084 -8.627084 -9.269781
v -9.018084 -8.264862 -9.632004
v -9.018084 -8.264862 -9.269781
v -9.923512 -8.174190 -8.591415
v -9.923512 -8.717756 -8.591415
v -9.923512 -8.174190 -10.310369
v -9.923512 -8.717756 -10.310369
v -9.923512 -9.305450 -9.179110
v -9.923512 -9.305450 -9.722676
v -9.923512 -7.586494 -9.179110
v -9.923512 -7.586494 -9.722676
v -9.923512 -8.098859 -8.409553
v -9.923512 -8.793086 -8.409553
v -9.923512 -8.098859 -10.492233
v -9.923512 -8.793086 -10.492233
v -9.923512 -9.487313 -9.103779
v -9.923512 -9.487313 -9.798006
v -9.923512 -7.404632 -9.103779
v -9.923512 -7.404632 -9.798006
v -10.638332 -8.717756 -10.310369
v -10.638332 -8.174190 -10.310369
v -10.638332 -8.717756 -8.591415
v -10.638332 -8.174190 -8.591415
v -10.638332 -9.305450 -9.179110
v -10.638332 -9.305450 -9.722676
v -10.638332 -7.586494 -9.179110
v -10.638332 -7.586494 -9.722676
v -10.801774 -8.686100 -9.691020
v -10.638332 -8.900072 -9.904993
v -10.638332 -7.991872 -9.904993
v -10.801774 -8.205845 -9.691020
v -10.638332 -8.900072 -8.996794
v -10.801774 -8.686100 -9.210766
v -10.801774 -8.205845 -9.210766
v -10.638332 -7.991872 -8.996794
v -9.972777 -9.645544 10.765541
v -9.972777 -7.246401 10.765541
v -9.972777 -9.645544 8.366399
v -9.972777 -7.246401 8.366399
v -9.233887 -9.645544 10.765541
v -9.233887 -7.246401 10.765541
v -9.233887 -9.645544 8.366399
v -9.233887 -7.246401 8.366399
v -9.977590 -10.075972 9.022637
v -9.977590 -10.075972 10.109303
v -9.977590 -6.815972 10.109303
v -9.977590 -6.815972 9.022637
v -9.018084 -10.075972 10.109303
v -9.018084 -10.075972 9.022637
v -9.018084 -6.815972 9.022637
v -9.018084 -6.815972 10.109303
v -9.977590 -8.989306 11.195971
v -9.977590 -7.902639 11.195971
v -9.977590 -7.902639 7.935970
v -9.977590 -8.989306 7.935970
v -9.018084 -7.902639 7.935970
v -9.018084 -8.989306 7.935970
v -9.018084 -7.902639 11.195971
v -9.018084 -8.989306 11.195971
v -9.018084 -7.902639 9.022637
v -9.018084 -8.989306 9.022637
v -9.018084 -7.902639 10.109303
v -9.018084 -8.989306 10.109303
v -10.188580 -7.404632 10.607311
v -10.188580 -9.487313 10.607311
v -10.188580 -7.404632 8.524631
v -10.188580 -9.487313 8.524631
v -9.977590 -8.627084 11.195971
v -9.977590 -8.264862 11.195971
v -9.977590 -8.264862 7.935970
v -9.977590 -8.627084 7.935970
v -9.018084 -8.264862 7.935970
v -9.018084 -8.627084 7.935970
v -9.018084 -8.264862 11.195971
v -9.018084 -8.627084 11.195971
v -9.018084 -8.264862 9.022637
v -9.018084 -8.627084 9.022637
v -9.018084 -8.264862 10.109303
v -9.018084 -8.627084 10.109303
v -10.188580 -8.098859 10.607311
v -10.188580 -8.793086 10.607311
v -10.188580 -8.098859 8.524631
v -10.188580 -8.793086 8.524631
v -9.977590 -10.075972 9.384859
v -9.977590 -10.075972 9.747082
v -9.977590 -6.815972 9.747082
v -9.977590 -6.815972 9.384859
v -9.018084 -10.075972 9.747082
v -9.018084 -10.075972 9.384859
v -9.018084 -6.815972 9.384859
v -9.018084 -6.815972 9.747082
v -10.188580 -9.487313 9.913084
v -10.188580 -9.487313 9.218857
v -10.188580 -7.404632 9.913084
v -10.188580 -7.404632 9.218857
v -9.018084 -8.989306 9.384859
v -9.018084 -8.989306 9.747082
v -9.018084 -7.902639 9.384859
v -9.018084 -7.902639 9.747082
v -9.018084 -8.627084 9.384859
v -9.018084 -8.627084 9.747082
v -9.018084 -8.264862 9.384859
v -9.018084 -8.264862 9.747082
v -9.923512 -8.174190 10.425448
v -9.923512 -8.717756 10.425448
v -9.923512 -8.174190 8.706492
v -9.923512 -8.717756 8.706492
v -9.923512 -9.305450 9.837753
v -9.923512 -9.305450 9.294187
v -9.923512 -7.586494 9.837753
v -9.923512 -7.586494 9.294187
v -9.923512 -8.098859 10.607311
v -9.923512 -8.793086 10.607311
v -9.923512 -8.098859 8.524631
v -9.923512 -8.793086 8.524631
v -9.923512 -9.487313 9.913084
v -9.923512 -9.487313 9.218857
v -9.923512 -7.404632 9.913084
v -9.923512 -7.404632 9.218857
v -10.638332 -8.717756 8.706492
v -10.638332 -8.174190 8.706492
v -10.638332 -8.717756 10.425448
v -10.638332 -8.174190 10.425448
v -10.638332 -9.305450 9.837753
v -10.638332 -9.305450 9.294187
v -10.638332 -7.586494 9.837753
v -10.638332 -7.586494 9.294187
v -10.801774 -8.686100 9.325844
v -10.638332 -8.900072 9.111870
v -10.638332 -7.991872 9.111870
v -10.801774 -8.205845 9.325844
v -10.638332 -8.900072 10.020071
v -10.801774 -8.686100 9.806097
v -10.801774 -8.205845 9.806097
v -10.638332 -7.991872 10.020071
v -9.972777 -9.645544 6.861553
v -9.972777 -7.246401 6.861553
v -9.972777 -9.645544 4.462410
v -9.972777 -7.246401 4.462410
v -9.233887 -9.645544 6.861553
v -9.233887 -7.246401 6.861553
v -9.233887 -9.645544 4.462410
v -9.233887 -7.246401 4.462410
v -9.977590 -10.075972 5.118649
v -9.977590 -10.075972 6.205315
v -9.977590 -6.815972 6.205315
v -9.977590 -6.815972 5.118649
v -9.018084 -10.075972 6.205315
v -9.018084 -10.075972 5.118649
v -9.018084 -6.815972 5.118649
v -9.018084 -6.815972 6.205315
v -9.977590 -8.989306 7.291982
v -9.977590 -7.902639 7.291982
v -9.977590 -7.902639 4.031981
v -9.977590 -8.989306 4.031981
v -9.018084 -7.902639 4.031981
v -9.018084 -8.989306 4.031981
v -9.018084 -7.902639 7.291982
v -9.018084 -8.989306 7.291982
v -9.018084 -7.902639 5.118649
v -9.018084 -8.989306 5.118649
v -9.018084 -7.902639 6.205315
v -9.018084 -8.989306 6.205315
v -10.188580 -7.404632 6.703321
v -10.188580 -9.487313 6.703321
v -10.188580 -7.404632 4.620642
v -10.188580 -9.487313 4.620642
v -9.977590 -8.627084 7.291982
v -9.977590 -8.264862 7.291982
v -9.977590 -8.264862 4.031981
v -9.977590 -8.627084 4.031981
v -9.018084 -8.264862 4.031981
v -9.018084 -8.627084 4.031981
v -9.018084 -8.264862 7.291982
v -9.018084 -8.627084 7.291982
v -9.018084 -8.264862 5.118649
v -9.018084 -8.627084 5.118649
v -9.018084 -8.264862 6.205315
v -9.018084 -8.627084 6.205315
v -10.188580 -8.098859 6.703321
v -10.188580 -8.793086 6.703321
v -10.188580 -8.098859 4.620642
v -10.188580 -8.793086 4.620642
v -9.977590 -10.075972 5.480871
v -9.977590 -10.075972 5.843093
v -9.977590 -6.815972 5.843093
v -9.977590 -6.815972 5.480871
v -9.018084 -10.075972 5.843093
v -9.018084 -10.075972 5.480871
v -9.018084 -6.815972 5.480871
v -9.018084 -6.815972 5.843093
v -10.188580 -9.487313 6.009095
v -10.188580 -9.487313 5.314868
v -10.188580 -7.404632 6.009095
v -10.188580 -7.404632 5.314868
v -9.018084 -8.989306 5.480871
v -9.018084 -8.989306 5.843093
v -9.018084 -7.902639 5.480871
v -9.018084 -7.902639 5.843093
v -9.018084 -8.627084 5.480871
v -9.018084 -8.627084 5.843093
v -9.018084 -8.264862 5.480871
v -9.018084 -8.264862 5.843093
v -9.923512 -8.174190 6.521460
v -9.923512 -8.717756 6.521460
v -9.923512 -8.174190 4.802504
v -9.923512 -8.717756 4.802504
v -9.923512 -9.305450 5.933765
v -9.923512 -9.305450 5.390198
v -9.923512 -7.586494 5.933765
v -9.923512 -7.586494 5.390198
v -9.923512 -8.098859 6.703321
v -9.923512 -8.793086 6.703321
v -9.923512 -8.098859 4.620642
v -9.923512 -8.793086 4.620642
v -9.923512 -9.487313 6.009095
v -9.923512 -9.487313 5.314868
v -9.923512 -7.404632 6.009095
v -9.923512 -7.404632 5.314868
v -10.638332 -8.717756 4.802504
v -10.638332 -8.174190 4.802504
v -10.638332 -8.717756 6.521460
v -10.638332 -8.174190 6.521460
v -10.638332 -9.305450 5.933765
v -10.638332 -9.305450 5.390198
v -10.638332 -7.586494 5.933765
v -10.638332 -7.586494 5.390198
v -10.801774 -8.686100 5.421855
v -10.638332 -8.900072 5.207882
v -10.638332 -7.991872 5.207882
v -10.801774 -8.205845 5.421855
v -10.638332 -8.900072 6.116082
v -10.801774 -8.686100 5.902109
v -10.801774 -8.205845 5.902109
v -10.638332 -7.991872 6.116082
v -9.972777 -9.645544 -4.359774
v -9.972777 -7.246401 -4.359774
v -9.972777 -9.645544 -6.758917
v -9.972777 -7.246401 -6.758917
v -9.233887 -9.645544 -4.359774
v -9.233887 -7.246401 -4.359774
v -9.233887 -9.645544 -6.758917
v -9.233887 -7.246401 -6.758917
v -9.977590 -10.075972 -6.102679
v -9.977590 -10.075972 -5.016012
v -9.977590 -6.815972 -5.016012
v -9.977590 -6.815972 -6.102679
v -9.018084 -10.075972 -5.016012
v -9.018084 -10.075972 -6.102679
v -9.018084 -6.815972 -6.102679
v -9.018084 -6.815972 -5.016012
v -9.977590 -8.989306 -3.929345
v -9.977590 -7.902639 -3.929345
v -9.977590 -7.902639 -7.189345
v -9.977590 -8.989306 -7.189345
v -9.018084 -7.902639 -7.189345
v -9.018084 -8.989306 -7.189345
v -9.018084 -7.902639 -3.929345
v -9.018084 -8.989306 -3.929345
v -9.018084 -7.902639 -6.102679
v -9.018084 -8.989306 -6.102679
v -9.018084 -7.902639 -5.016012
v -9.018084 -8.989306 -5.016012
v -10.188580 -7.404632 -4.518005
v -10.188580 -9.487313 -4.518005
v -10.188580 -7.404632 -6.600686
v -10.188580 -9.487313 -6.600686
v -9.977590 -8.627084 -3.929345
v -9.977590 -8.264862 -3.929345
v -9.977590 -8.264862 -7.189345
v -9.977590 -8.627084 -7.189345
v -9.018084 -8.264862 -7.189345
v -9.018084 -8.627084 -7.189345
v -9.018084 -8.264862 -3.929345
v -9.018084 -8.627084 -3.929345
v -9.018084 -8.264862 -6.102679
v -9.018084 -8.627084 -6.102679
v -9.018084 -8.264862 -5.016012
v -9.018084 -8.627084 -5.016012
v -10.188580 -8.098859 -4.518005
v -10.188580 -8.793086 -4.518005
v -10.188580 -8.098859 -6.600686
v -10.188580 -8.793086 -6.600686
v -9.977590 -10.075972 -5.740457
v -9.977590 -10.075972 -5.378234
v -9.977590 -6.815972 -5.378234
v -9.977590 -6.815972 -5.740457
v -9.018084 -10.075972 -5.378234
v -9.018084 -10.075972 -5.740457
v -9.018084 -6.815972 -5.740457
v -9.018084 -6.815972 -5.378234
v -10.188580 -9.487313 -5.212232
v -10.188580 -9.487313 -5.906459
v -10.188580 -7.404632 -5.212232
v -10.188580 -7.404632 -5.906459
v -9.018084 -8.989306 -5.740457
v -9.018084 -8.989306 -5.378234
v -9.018084 -7.902639 -5.740457
v -9.018084 -7.902639 -5.378234
v -9.018084 -8.627084 -5.740457
v -9.018084 -8.627084 -5.378234
v -9.018084 -8.264862 -5.740457
v -9.018084 -8.264862 -5.378234
v -9.923512 -8.174190 -4.699868
v -9.923512 -8.717756 -4.699868
v -9.923512 -8.174190 -6.418823
v -9.923512 -8.717756 -6.418823
v -9.923512 -9.305450 -5.287562
v -9.923512 -9.305450 -5.831129
v -9.923512 -7.586494 -5.287562
v -9.923512 -7.586494 -5.831129
v -9.923512 -8.098859 -4.518005
v -9.923512 -8.793086 -4.518005
v -9.923512 -8.098859 -6.600686
v -9.923512 -8.793086 -6.600686
v -9.923512 -9.487313 -5.212232
v -9.923512 -9.487313 -5.906459
v -9.923512 -7.404632 -5.212232
v -9.923512 -7.404632 -5.906459
v -10.638332 -8.717756 -6.418823
v -10.638332 -8.174190 -6.418823
v -10.638332 -8.717756 -4.699868
v -10.638332 -8.174190 -4.699868
v -10.638332 -9.305450 -5.287562
v -10.638332 -9.305450 -5.831129
v -10.638332 -7.586494 -5.287562
v -10.638332 -7.586494 -5.831129
v -10.801774 -8.686100 -5.799472
v -10.638332 -8.900072 -6.013445
v -10.638332 -7.991872 -6.013445
v -10.801774 -8.205845 -5.799472
v -10.638332 -8.900072 -5.105246
v -10.801774 -8.686100 -5.319219
v -10.801774 -8.205845 -5.319219
v -10.638332 -7.991872 -5.105246
v -9.972777 -9.645544 3.085983
v -9.972777 -7.246401 3.085983
v -9.972777 -9.645544 0.686841
v -9.972777 -7.246401 0.686841
v -9.233887 -9.645544 3.085983
v -9.233887 -7.246401 3.085983
v -9.233887 -9.645544 0.686841
v -9.233887 -7.246401 0.686841
v -9.977590 -10.075972 1.343079
v -9.977590 -10.075972 2.429746
v -9.977590 -6.815972 2.429746
v -9.977590 -6.815972 1.343079
v -9.018084 -10.075972 2.429746
v -9.018084 -10.075972 1.343079
v -9.018084 -6.815972 1.343079
v -9.018084 -6.815972 2.429746
v -9.977590 -8.989306 3.516412
v -9.977590 -7.902639 3.516412
v -9.977590 -7.902639 0.256412
v -9.977590 -8.989306 0.256412
v -9.018084 -7.902639 0.256412
v -9.018084 -8.989306 0.256412
v -9.018084 -7.902639 3.516412
v -9.018084 -8.989306 3.516412
v -9.018084 -7.902639 1.343079
v -9.018084 -8.989306 1.343079
v -9.018084 -7.902639 2.429746
v -9.018084 -8.989306 2.429746
v -10.188580 -7.404632 2.927752
v -10.188580 -9.487313 2.927752
v -10.188580 -7.404632 0.845072
v -10.188580 -9.487313 0.845072
v -9.977590 -8.627084 3.516412
v -9.977590 -8.264862 3.516412
v -9.977590 -8.264862 0.256412
v -9.977590 -8.627084 0.256412
v -9.018084 -8.264862 0.256412
v -9.018084 -8.627084 0.256412
v -9.018084 -8.264862 3.516412
v -9.018084 -8.627084 3.516412
v -9.018084 -8.264862 1.343079
v -9.018084 -8.627084 1.343079
v -9.018084 -8.264862 2.429746
v -9.018084 -8.627084 2.429746
v -10.188580 -8.098859 2.927752
v -10.188580 -8.793086 2.927752
v -10.188580 -8.098859 0.845072
v -10.188580 -8.793086 0.845072
v -9.977590 -10.075972 1.705301
v -9.977590 -10.075972 2.067523
v -9.977590 -6.815972 2.067523
v -9.977590 -6.815972 1.705301
v -9.018084 -10.075972 2.067523
v -9.018084 -10.075972 1.705301
v -9.018084 -6.815972 1.705301
v -9.018084 -6.815972 2.067523
v -10.188580 -9.487313 2.233526
v -10.188580 -9.487313 1.539299
v -10.188580 -7.404632 2.233526
v -10.188580 -7.404632 1.539299
v -9.018084 -8.989306 1.705301
v -9.018084 -8.989306 2.067523
v -9.018084 -7.902639 1.705301
v -9.018084 -7.902639 2.067523
v -9.018084 -8.627084 1.705301
v -9.018084 -8.627084 2.067523
v -9.018084 -8.264862 1.705301
v -9.018084 -8.264862 2.067523
v -9.923512 -8.174190 2.745890
v -9.923512 -8.717756 2.745890
v -9.923512 -8.174190 1.026935
v -9.923512 -8.717756 1.026935
v -9.923512 -9.305450 2.158195
v -9.923512 -9.305450 1.614629
v -9.923512 -7.586494 2.158195
v -9.923512 -7.586494 1.614629
v -9.923512 -8.098859 2.927752
v -9.923512 -8.793086 2.927752
v -9.923512 -8.098859 0.845072
v -9.923512 -8.793086 0.845072
v -9.923512 -9.487313 2.233526
v -9.923512 -9.487313 1.539299
v -9.923512 -7.404632 2.233526
v -9.923512 -7.404632 1.539299
v -10.638332 -8.717756 1.026935
v -10.638332 -8.174190 1.026935
v -10.638332 -8.717756 2.745890
v -10.638332 -8.174190 2.745890
v -10.638332 -9.305450 2.158195
v -10.638332 -9.305450 1.614629
v -10.638332 -7.586494 2.158195
v -10.638332 -7.586494 1.614629
v -10.801774 -8.686100 1.646285
v -10.638332 -8.900072 1.432312
v -10.638332 -7.991872 1.432312
v -10.801774 -8.205845 1.646285
v -10.638332 -8.900072 2.340512
v -10.801774 -8.686100 2.126539
v -10.801774 -8.205845 2.126539
v -10.638332 -7.991872 2.340512
v -9.972777 -9.645544 -0.691035
v -9.972777 -7.246401 -0.691035
v -9.972777 -9.645544 -3.090178
v -9.972777 -7.246401 -3.090178
v -9.233887 -9.645544 -0.691035
v -9.233887 -7.246401 -0.691035
v -9.233887 -9.645544 -3.090178
v -9.233887 -7.246401 -3.090178
v -9.977590 -10.075972 -2.433940
v -9.977590 -10.075972 -1.347273
v -9.977590 -6.815972 -1.347273
v -9.977590 -6.815972 -2.433940
v -9.018084 -10.075972 -1.347273
v -9.018084 -10.075972 -2.433940
v -9.018084 -6.815972 -2.433940
v -9.018084 -6.815972 -1.347273
v -9.977590 -8.989306 -0.260607
v -9.977590 -7.902639 -0.260607
v -9.977590 -7.902639 -3.520606
v -9.977590 -8.989306 -3.520606
v -9.018084 -7.902639 -3.520607
v -9.018084 -8.989306 -3.520607
v -9.018084 -7.902639 -0.260606
v -9.018084 -8.989306 -0.260606
v -9.018084 -7.902639 -2.433940
v -9.018084 -8.989306 -2.433940
v -9.018084 -7.902639 -1.347273
v -9.018084 -8.989306 -1.347273
v -10.188580 -7.404632 -0.849266
v -10.188580 -9.487313 -0.849266
v -10.188580 -7.404632 -2.931947
v -10.188580 -9.487313 -2.931947
v -9.977590 -8.627084 -0.260607
v -9.977590 -8.264862 -0.260607
v -9.977590 -8.264862 -3.520606
v -9.977590 -8.627084 -3.520606
v -9.018084 -8.264862 -3.520607
v -9.018084 -8.627084 -3.520607
v -9.018084 -8.264862 -0.260606
v -9.018084 -8.627084 -0.260606
v -9.018084 -8.264862 -2.433940
v -9.018084 -8.627084 -2.433940
v -9.018084 -8.264862 -1.347273
v -9.018084 -8.627084 -1.347273
v -10.188580 -8.098859 -0.849266
v -10.188580 -8.793086 -0.849266
v -10.188580 -8.098859 -2.931947
v -10.188580 -8.793086 -2.931947
v -9.977590 -10.075972 -2.071718
v -9.977590 -10.075972 -1.709495
v -9.977590 -6.815972 -1.709495
v -9.977590 -6.815972 -2.071718
v -9.018084 -10.075972 -1.709495
v -9.018084 -10.075972 -2.071718
v -9.018084 -6.815972 -2.071718
v -9.018084 -6.815972 -1.709495
v -10.188580 -9.487313 -1.543493
v -10.188580 -9.487313 -2.237720
v -10.188580 -7.404632 -1.543493
v -10.188580 -7.404632 -2.237720
v -9.018084 -8.989306 -2.071718
v -9.018084 -8.989306 -1.709495
v -9.018084 -7.902639 -2.071718
v -9.018084 -7.902639 -1.709495
v -9.018084 -8.627084 -2.071718
v -9.018084 -8.627084 -1.709495
v -9.018084 -8.264862 -2.071718
v -9.018084 -8.264862 -1.709495
v -9.923512 -8.174190 -1.031129
v -9.923512 -8.717756 -1.031129
v -9.923512 -8.174190 -2.750084
v -9.923512 -8.717756 -2.750084
v -9.923512 -9.305450 -1.618823
v -9.923512 -9.305450 -2.162390
v -9.923512 -7.586494 -1.618823
v -9.923512 -7.586494 -2.162390
v -9.923512 -8.098859 -0.849266
v -9.923512 -8.793086 -0.849266
v -9.923512 -8.098859 -2.931947
v -9.923512 -8.793086 -2.931947
v -9.923512 -9.487313 -1.543493
v -9.923512 -9.487313 -2.237720
v -9.923512 -7.404632 -1.543493
v -9.923512 -7.404632 -2.237720
v -10.638332 -8.717756 -2.750084
v -10.638332 -8.174190 -2.750084
v -10.638332 -8.717756 -1.031129
v -10.638332 -8.174190 -1.031129
v -10.638332 -9.305450 -1.618823
v -10.638332 -9.305450 -2.162390
v -10.638332 -7.586494 -1.618823
v -10.638332 -7.586494 -2.162390
v -10.801774 -8.686100 -2.130733
v -10.638332 -8.900072 -2.344706
v -10.638332 -7.991872 -2.344706
v -10.801774 -8.205845 -2.130733
v -10.638332 -8.900072 -1.436507
v -10.801774 -8.686100 -1.650479
v -10.801774 -8.205845 -1.650479
v -10.638332 -7.991872 -1.436507
v 0.000000 -9.338217 -6.630582
v 0.000000 -9.338217 -4.497134
v 0.000000 -9.338217 -2.363687
v 0.000000 -9.338217 -0.230239
v 0.000000 -9.338217 1.903208
v 0.000000 -9.338217 4.036655
v 0.000000 -9.338217 6.170103
v 0.000000 -9.338217 8.303551
v 0.000000 -7.553729 -6.630582
v 0.000000 -7.553729 -4.497134
v 0.000000 -7.553729 -2.363687
v 0.000000 -7.553729 -0.230239
v 0.000000 -7.553729 1.903208
v 0.000000 -7.553729 4.036655
v 0.000000 -7.553729 6.170103
v 0.000000 -7.553729 8.303551
v 10.111180 -10.119758 9.825329
v 10.111180 -6.772187 9.825329
v 10.111180 -10.119758 -10.285809
v 10.111180 -6.772187 -10.285809
v 1.634363 -10.119758 9.825329
v 1.634363 -6.772187 9.825329
v 1.634363 -10.119758 -10.285809
v 1.634363 -6.772187 -10.285809
v 10.111180 -10.445972 -11.101344
v 10.111180 -10.445972 10.640865
v 10.111180 -6.445972 10.640865
v 10.111180 -6.445972 -11.101344
v 1.634363 -6.445972 -11.101344
v 1.634363 -10.445972 -11.101344
v 1.634363 -10.445972 10.640865
v 1.634363 -6.445972 10.640865
v 10.111180 -9.338216 12.570445
v 10.111180 -7.553729 12.570445
v 10.111180 -7.553729 -13.030924
v 10.111180 -9.338217 -13.030924
v 1.634363 -7.553729 -13.030924
v 1.634363 -9.338217 -13.030924
v 1.634363 -7.553729 12.570445
v 1.634363 -9.338217 12.570445
v 1.934362 -9.338217 -13.030924
v 1.934362 -10.119758 -10.285809
v 1.934362 -10.119758 9.825329
v 1.934362 -6.772187 -10.285809
v 1.934362 -6.772187 9.825329
v 1.934362 -9.338217 12.570445
v 1.934362 -7.553729 -13.030924
v 1.934362 -7.553729 12.570445
v 9.111180 -10.119758 -10.285809
v 9.111180 -10.119758 9.825329
v 9.111180 -7.553729 12.570445
v 9.111180 -6.772187 9.825329
v 9.111180 -6.772187 -10.285809
v 9.111180 -9.338217 -13.030924
v 9.111180 -9.338216 12.570445
v 9.111180 -7.553729 -13.030924
v 10.111180 -9.638696 12.520370
v 10.111180 -8.986895 12.815083
v 10.111180 -9.361364 12.603010
v 10.111180 -7.905050 12.815083
v 10.111180 -7.253250 12.520370
v 10.111180 -7.530581 12.603010
v 10.111180 -7.253250 -12.980848
v 10.111180 -7.905050 -13.275561
v 10.111180 -7.530581 -13.063490
v 10.111180 -8.986895 -13.275561
v 10.111180 -9.638696 -12.980848
v 10.111180 -9.361364 -13.063490
v 1.634363 -7.905050 -13.275561
v 1.634363 -7.253250 -12.980848
v 1.634363 -7.530581 -13.063490
v 1.634363 -9.638696 -12.980848
v 1.634363 -8.986895 -13.275561
v 1.634363 -9.361364 -13.063490
v 1.634363 -7.253250 12.520370
v 1.634363 -7.905050 12.815083
v 1.634363 -7.530581 12.603010
v 1.634363 -8.986895 12.815083
v 1.634363 -9.638696 12.520370
v 1.634363 -9.361364 12.603010
v 10.111180 -10.206509 -9.289494
v 10.111180 -10.445972 -7.477643
v 10.111180 -10.206509 -5.665792
v 10.111180 -10.445972 -3.853941
v 10.111180 -10.206509 -2.042090
v 10.111180 -10.445972 -0.230239
v 10.111180 -10.206509 1.581612
v 10.111180 -10.445972 3.393462
v 10.111180 -10.206509 5.205313
v 10.111180 -10.445972 7.017164
v 10.111180 -10.206509 8.829015
v 10.111180 -6.206509 8.829015
v 10.111180 -6.445972 7.017164
v 10.111180 -6.206509 5.205313
v 10.111180 -6.445972 3.393462
v 10.111180 -6.206509 1.581611
v 10.111180 -6.445972 -0.230240
v 10.111180 -6.206509 -2.042090
v 10.111180 -6.445972 -3.853941
v 10.111180 -6.206509 -5.665792
v 10.111180 -6.445972 -7.477643
v 10.111180 -6.206509 -9.289494
v 1.634363 -10.206509 8.829015
v 1.634363 -10.445972 7.017164
v 1.634363 -10.206509 5.205313
v 1.634363 -10.445972 3.393462
v 1.634363 -10.206509 1.581611
v 1.634363 -10.445972 -0.230240
v 1.634363 -10.206509 -2.042090
v 1.634363 -10.445972 -3.853941
v 1.634363 -10.206509 -5.665792
v 1.634363 -10.445972 -7.477643
v 1.634363 -10.206509 -9.289494
v 1.634363 -6.206509 -9.289494
v 1.634363 -6.445972 -7.477643
v 1.634363 -6.206509 -5.665792
v 1.634363 -6.445972 -3.853941
v 1.634363 -6.206509 -2.042090
v 1.634363 -6.445972 -0.230239
v 1.634363 -6.206509 1.581612
v 1.634363 -6.445972 3.393462
v 1.634363 -6.206509 5.205313
v 1.634363 -6.445972 7.017164
v 1.634363 -6.206509 8.829015
v 10.111180 -10.119758 -8.609879
v 10.111180 -10.119758 -6.933951
v 10.111180 -10.119758 -5.258023
v 10.111180 -10.119758 -3.582095
v 10.111180 -10.119758 -1.906167
v 10.111180 -10.119758 -0.230239
v 10.111180 -10.119758 1.445689
v 10.111180 -10.119758 3.121617
v 10.111180 -10.119758 4.797545
v 10.111180 -10.119758 6.473474
v 10.111180 -10.119758 8.149402
v 10.111180 -6.772187 8.149401
v 10.111180 -6.772187 6.473473
v 10.111180 -6.772187 4.797544
v 10.111180 -6.772187 3.121616
v 10.111180 -6.772187 1.445688
v 10.111180 -6.772187 -0.230240
v 10.111180 -6.772187 -1.906168
v 10.111180 -6.772187 -3.582096
v 10.111180 -6.772187 -5.258024
v 10.111180 -6.772187 -6.933952
v 10.111180 -6.772187 -8.609880
v 1.634363 -10.119758 8.149401
v 1.634363 -10.119758 6.473473
v 1.634363 -10.119758 4.797544
v 1.634363 -10.119758 3.121616
v 1.634363 -10.119758 1.445688
v 1.634363 -10.119758 -0.230240
v 1.634363 -10.119758 -1.906168
v 1.634363 -10.119758 -3.582096
v 1.634363 -10.119758 -5.258024
v 1.634363 -10.119758 -6.933952
v 1.634363 -10.119758 -8.609880
v 1.634363 -6.772187 -8.609879
v 1.634363 -6.772187 -6.933951
v 1.634363 -6.772187 -5.258023
v 1.634363 -6.772187 -3.582095
v 1.634363 -6.772187 -1.906167
v 1.634363 -6.772187 -0.230239
v 1.634363 -6.772187 1.445689
v 1.634363 -6.772187 3.121617
v 1.634363 -6.772187 4.797545
v 1.634363 -6.772187 6.473474
v 1.634363 -6.772187 8.149402
v 1.934362 -10.119758 8.149401
v 1.934362 -10.119758 6.473473
v 1.934362 -10.119758 4.797544
v 1.934362 -10.119758 3.121616
v 1.934362 -10.119758 1.445688
v 1.934362 -10.119758 -0.230240
v 1.934362 -10.119758 -1.906168
v 1.934362 -10.119758 -3.582096
v 1.934362 -10.119758 -5.258024
v 1.934362 -10.119758 -6.933952
v 1.934362 -10.119758 -8.609880
v 1.934362 -6.772187 -8.609879
v 1.934362 -6.772187 -6.933951
v 1.934362 -6.772187 -5.258023
v 1.934362 -6.772187 -3.582095
v 1.934362 -6.772187 -1.906167
v 1.934362 -6.772187 -0.230239
v 1.934362 -6.772187 1.445689
v 1.934362 -6.772187 3.121617
v 1.934362 -6.772187 4.797545
v 1.934362 -6.772187 6.473474
v 1.934362 -6.772187 8.149402
v 1.934362 -9.338217 -10.897477
v 1.934362 -9.338217 -8.764030
v 1.934362 -9.338217 -6.630582
v 1.934362 -9.338217 -4.497134
v 1.934362 -9.338217 -2.363687
v 1.934362 -9.338217 -0.230239
v 1.934362 -9.338217 1.903208
v 1.934362 -9.338217 4.036655
v 1.934362 -9.338217 6.170103
v 1.934362 -9.338217 8.303551
v 1.934362 -9.338217 10.436998
v 1.934362 -7.553729 -10.897477
v 1.934362 -7.553729 -8.764030
v 1.934362 -7.553729 -6.630582
v 1.934362 -7.553729 -4.497134
v 1.934362 -7.553729 -2.363687
v 1.934362 -7.553729 -0.230239
v 1.934362 -7.553729 1.903208
v 1.934362 -7.553729 4.036655
v 1.934362 -7.553729 6.170103
v 1.934362 -7.553729 8.303551
v 1.934362 -7.553729 10.436998
v 9.111180 -10.119758 -8.609879
v 9.111180 -10.119758 -6.933951
v 9.111180 -10.119758 -5.258023
v 9.111180 -10.119758 -3.582095
v 9.111180 -10.119758 -1.906167
v 9.111180 -10.119758 -0.230239
v 9.111180 -10.119758 1.445689
v 9.111180 -10.119758 3.121617
v 9.111180 -10.119758 4.797545
v 9.111180 -10.119758 6.473474
v 9.111180 -10.119758 8.149402
v 9.111180 -6.772187 8.149401
v 9.111180 -6.772187 6.473473
v 9.111180 -6.772187 4.797544
v 9.111180 -6.772187 3.121616
v 9.111180 -6.772187 1.445688
v 9.111180 -6.772187 -0.230240
v 9.111180 -6.772187 -1.906168
v 9.111180 -6.772187 -3.582096
v 9.111180 -6.772187 -5.258024
v 9.111180 -6.772187 -6.933952
v 9.111180 -6.772187 -8.609880
v 9.111180 -9.338216 10.436998
v 9.111180 -9.338216 8.303551
v 9.111180 -9.338216 6.170103
v 9.111180 -9.338216 4.036655
v 9.111180 -9.338216 1.903208
v 9.111180 -9.338216 -0.230240
v 9.111180 -9.338216 -2.363687
v 9.111180 -9.338216 -4.497134
v 9.111180 -9.338216 -6.630582
v 9.111180 -9.338216 -8.764030
v 9.111180 -9.338217 -10.897477
v 9.111180 -7.553729 10.436998
v 9.111180 -7.553729 8.303551
v 9.111180 -7.553729 6.170103
v 9.111180 -7.553729 4.036655
v 9.111180 -7.553729 1.903208
v 9.111180 -7.553729 -0.230240
v 9.111180 -7.553729 -2.363687
v 9.111180 -7.553729 -4.497134
v 9.111180 -7.553729 -6.630582
v 9.111180 -7.553729 -8.764030
v 9.111180 -7.553729 -10.897477
v 9.972777 -9.645544 -8.251322
v 9.972777 -7.246401 -8.251322
v 9.972777 -9.645544 -10.650465
v 9.972777 -7.246401 -10.650465
v 9.233887 -9.645544 -8.251322
v 9.233887 -7.246401 -8.251322
v 9.233887 -9.645544 -10.650465
v 9.233887 -7.246401 -10.650465
v 9.977590 -10.075972 -9.994226
v 9.977590 -10.075972 -8.907559
v 9.977590 -6.815972 -8.907559
v 9.977590 -6.815972 -9.994226
v 9.018084 -10.075972 -8.907559
v 9.018084 -10.075972 -9.994226
v 9.018084 -6.815972 -9.994226
v 9.018084 -6.815972 -8.907559
v 9.977590 -8.989306 -7.820893
v 9.977590 -7.902639 -7.820893
v 9.977590 -7.902639 -11.080893
v 9.977590 -8.989306 -11.080893
v 9.018084 -7.902639 -11.080894
v 9.018084 -8.989306 -11.080894
v 9.018084 -7.902639 -7.820893
v 9.018084 -8.989306 -7.820893
v 9.018084 -7.902639 -9.994226
v 9.018084 -8.989306 -9.994226
v 9.018084 -7.902639 -8.907559
v 9.018084 -8.989306 -8.907559
v 10.188580 -7.404632 -8.409553
v 10.188580 -9.487313 -8.409553
v 10.188580 -7.404632 -10.492233
v 10.188580 -9.487313 -10.492233
v 9.977590 -8.627084 -7.820893
v 9.977590 -8.264862 -7.820893
v 9.977590 -8.264862 -11.080893
v 9.977590 -8.627084 -11.080893
v 9.018084 -8.264862 -11.080894
v 9.018084 -8.627084 -11.080894
v 9.018084 -8.264862 -7.820893
v 9.018084 -8.627084 -7.820893
v 9.018084 -8.264862 -9.994226
v 9.018084 -8.627084 -9.994226
v 9.018084 -8.264862 -8.907559
v 9.018084 -8.627084 -8.907559
v 10.188580 -8.098859 -8.409553
v 10.188580 -8.793086 -8.409553
v 10.188580 -8.098859 -10.492233
v 10.188580 -8.793086 -10.492233
v 9.977590 -10.075972 -9.632004
v 9.977590 -10.075972 -9.269781
v 9.977590 -6.815972 -9.269781
v 9.977590 -6.815972 -9.632004
v 9.018084 -10.075972 -9.269781
v 9.018084 -10.075972 -9.632004
v 9.018084 -6.815972 -9.632004
v 9.018084 -6.815972 -9.269781
v 10.188580 -9.487313 -9.103779
v 10.188580 -9.487313 -9.798006
v 10.188580 -7.404632 -9.103779
v 10.188580 -7.404632 -9.798006
v 9.018084 -8.989306 -9.632004
v 9.018084 -8.989306 -9.269781
v 9.018084 -7.902639 -9.632004
v 9.018084 -7.902639 -9.269781
v 9.018084 -8.627084 -9.632004
v 9.018084 -8.627084 -9.269781
v 9.018084 -8.264862 -9.632004
v 9.018084 -8.264862 -9.269781
v 9.923512 -8.174190 -8.591415
v 9.923512 -8.717756 -8.591415
v 9.923512 -8.174190 -10.310369
v 9.923512 -8.717756 -10.310369
v 9.923512 -9.305450 -9.179110
v 9.923512 -9.305450 -9.722676
v 9.923512 -7.586494 -9.179110
v 9.923512 -7.586494 -9.722676
v 9.923512 -8.098859 -8.409553
v 9.923512 -8.793086 -8.409553
v 9.923512 -8.098859 -10.492233
v 9.923512 -8.793086 -10.492233
v 9.923512 -9.487313 -9.103779
v 9.923512 -9.487313 -9.798006
v 9.923512 -7.404632 -9.103779
v 9.923512 -7.404632 -9.798006
v 10.638332 -8.717756 -10.310369
v 10.638332 -8.174190 -10.310369
v 10.638332 -8.717756 -8.591415
v 10.638332 -8.174190 -8.591415
v 10.638332 -9.305450 -9.179110
v 10.638332 -9.305450 -9.722676
v 10.638332 -7.586494 -9.179110
v 10.638332 -7.586494 -9.722676
v 10.801774 -8.686100 -9.691020
v 10.638332 -8.900072 -9.904993
v 10.638332 -7.991872 -9.904993
v 10.801774 -8.205845 -9.691020
v 10.638332 -8.900072 -8.996794
v 10.801774 -8.686100 -9.210766
v 10.801774 -8.205845 -9.210766
v 10.638332 -7.991872 -8.996794
v 9.972777 -9.645544 10.765541
v 9.972777 -7.246401 10.765541
v 9.972777 -9.645544 8.366399
v 9.972777 -7.246401 8.366399
v 9.233887 -9.645544 10.765541
v 9.233887 -7.246401 10.765541
v 9.233887 -9.645544 8.366399
v 9.233887 -7.246401 8.366399
v 9.977590 -10.075972 9.022637
v 9.977590 -10.075972 10.109303
v 9.977590 -6.815972 10.109303
v 9.977590 -6.815972 9.022637
v 9.018084 -10.075972 10.109303
v 9.018084 -10.075972 9.022637
v 9.018084 -6.815972 9.022637
v 9.018084 -6.815972 10.109303
v 9.977590 -8.989306 11.195971
v 9.977590 -7.902639 11.195971
v 9.977590 -7.902639 7.935970
v 9.977590 -8.989306 7.935970
v 9.018084 -7.902639 7.935970
v 9.018084 -8.989306 7.935970
v 9.018084 -7.902639 11.195971
v 9.018084 -8.989306 11.195971
v 9.018084 -7.902639 9.022637
v 9.018084 -8.989306 9.022637
v 9.018084 -7.902639 10.109303
v 9.018084 -8.989306 10.109303
v 10.188580 -7.404632 10.607311
v 10.188580 -9.487313 10.607311
v 10.188580 -7.404632 8.524631
v 10.188580 -9.487313 8.524631
v 9.977590 -8.627084 11.195971
v 9.977590 -8.264862 11.195971
v 9.977590 -8.264862 7.935970
v 9.977590 -8.627084 7.935970
v 9.018084 -8.264862 7.935970
v 9.018084 -8.627084 7.935970
v 9.018084 -8.264862 11.195971
v 9.018084 -8.627084 11.195971
v 9.018084 -8.264862 9.022637
v 9.018084 -8.627084 9.022637
v 9.018084 -8.264862 10.109303
v 9.018084 -8.627084 10.109303
v 10.188580 -8.098859 10.607311
v 10.188580 -8.793086 10.607311
v 10.188580 -8.098859 8.524631
v 10.188580 -8.793086 8.524631
v 9.977590 -10.075972 9.384859
v 9.977590 -10.075972 9.747082
v 9.977590 -6.815972 9.747082
v 9.977590 -6.815972 9.384859
v 9.018084 -10.075972 9.747082
v 9.018084 -10.075972 9.384859
v 9.018084 -6.815972 9.384859
v 9.018084 -6.815972 9.747082
v 10.188580 -9.487313 9.913084
v 10.188580 -9.487313 9.218857
v 10.188580 -7.404632 9.913084
v 10.188580 -7.404632 9.218857
v 9.018084 -8.989306 9.384859
v 9.018084 -8.989306 9.747082
v 9.018084 -7.902639 9.384859
v 9.018084 -7.902639 9.747082
v 9.018084 -8.627084 9.384859
v 9.018084 -8.627084 9.747082
v 9.018084 -8.264862 9.384859
v 9.018084 -8.264862 9.747082
v 9.923512 -8.174190 10.425448
v 9.923512 -8.717756 10.425448
v 9.923512 -8.174190 8.706492
v 9.923512 -8.717756 8.706492
v 9.923512 -9.305450 9.837753
v 9.923512 -9.305450 9.294187
v 9.923512 -7.586494 9.837753
v 9.923512 -7.586494 9.294187
v 9.923512 -8.098859 10.607311
v 9.923512 -8.793086 10.607311
v 9.923512 -8.098859 8.524631
v 9.923512 -8.793086 8.524631
v 9.923512 -9.487313 9.913084
v 9.923512 -9.487313 9.218857
v 9.923512 -7.404632 9.913084
v 9.923512 -7.404632 9.218857
v 10.638332 -8.717756 8.706492
v 10.638332 -8.174190 8.706492
v 10.638332 -8.717756 10.425448
v 10.638332 -8.174190 10.425448
v 10.638332 -9.305450 9.837753
v 10.638332 -9.305450 9.294187
v 10.638332 -7.586494 9.837753
v 10.638332 -7.586494 9.294187
v 10.801774 -8.686100 9.325844
v 10.638332 -8.900072 9.111870
v 10.638332 -7.991872 9.111870
v 10.801774 -8.205845 9.325844
v 10.638332 -8.900072 10.020071
v 10.801774 -8.686100 9.806097
v 10.801774 -8.205845 9.806097
v 10.638332 -7.991872 10.020071
v 9.972777 -9.645544 6.861553
v 9.972777 -7.246401 6.861553
v 9.972777 -9.645544 4.462410
v 9.972777 -7.246401 4.462410
v 9.233887 -9.645544 6.861553
v 9.233887 -7.246401 6.861553
v 9.233887 -9.645544 4.462410
v 9.233887 -7.246401 4.462410
v 9.977590 -10.075972 5.118649
v 9.977590 -10.075972 6.205315
v 9.977590 -6.815972 6.205315
v 9.977590 -6.815972 5.118649
v 9.018084 -10.075972 6.205315
v 9.018084 -10.075972 5.118649
v 9.018084 -6.815972 5.118649
v 9.018084 -6.815972 6.205315
v 9.977590 -8.989306 7.291982
v 9.977590 -7.902639 7.291982
v 9.977590 -7.902639 4.031981
v 9.977590 -8.989306 4.031981
v 9.018084 -7.902639 4.031981
v 9.018084 -8.989306 4.031981
v 9.018084 -7.902639 7.291982
v 9.018084 -8.989306 7.291982
v 9.018084 -7.902639 5.118649
v 9.018084 -8.989306 5.118649
v 9.018084 -7.902639 6.205315
v 9.018084 -8.989306 6.205315
v 10.188580 -7.404632 6.703321
v 10.188580 -9.487313 6.703321
v 10.188580 -7.404632 4.620642
v 10.188580 -9.487313 4.620642
v 9.977590 -8.627084 7.291982
v 9.977590 -8.264862 7.291982
v 9.977590 -8.264862 4.031981
v 9.977590 -8.627084 4.031981
v 9.018084 -8.264862 4.031981
v 9.018084 -8.627084 4.031981
v 9.018084 -8.264862 7.291982
v 9.018084 -8.627084 7.291982
v 9.018084 -8.264862 5.118649
v 9.018084 -8.627084 5.118649
v 9.018084 -8.264862 6.205315
v 9.018084 -8.627084 6.205315
v 10.188580 -8.098859 6.703321
v 10.188580 -8.793086 6.703321
v 10.188580 -8.098859 4.620642
v 10.188580 -8.793086 4.620642
v 9.977590 -10.075972 5.480871
v 9.977590 -10.075972 5.843093
v 9.977590 -6.815972 5.843093
v 9.977590 -6.815972 5.480871
v 9.018084 -10.075972 5.843093
v 9.018084 -10.075972 5.480871
v 9.018084 -6.815972 5.480871
v 9.018084 -6.815972 5.843093
v 10.188580 -9.487313 6.009095
v 10.188580 -9.487313 5.314868
v 10.188580 -7.404632 6.009095
v 10.188580 -7.404632 5.314868
v 9.018084 -8.989306 5.480871
v 9.018084 -8.989306 5.843093
v 9.018084 -7.902639 5.480871
v 9.018084 -7.902639 5.843093
v 9.018084 -8.627084 5.480871
v 9.018084 -8.627084 5.843093
v 9.018084 -8.264862 5.480871
v 9.018084 -8.264862 5.843093
v 9.923512 -8.174190 6.521460
v 9.923512 -8.717756 6.521460
v 9.923512 -8.174190 4.802504
v 9.923512 -8.717756 4.802504
v 9.923512 -9.305450 5.933765
v 9.923512 -9.305450 5.390198
v 9.923512 -7.586494 5.933765
v 9.923512 -7.586494 5.390198
v 9.923512 -8.098859 6.703321
v 9.923512 -8.793086 6.703321
v 9.923512 -8.098859 4.620642
v 9.923512 -8.793086 4.620642
v 9.923512 -9.487313 6.009095
v 9.923512 -9.487313 5.314868
v 9.923512 -7.404632 6.009095
v 9.923512 -7.404632 5.314868
v 10.638332 -8.717756 4.802504
v 10.638332 -8.174190 4.802504
v 10.638332 -8.717756 6.521460
v 10.638332 -8.174190 6.521460
v 10.638332 -9.305450 5.933765
v 10.638332 -9.305450 5.390198
v 10.638332 -7.586494 5.933765
v 10.638332 -7.586494 5.390198
v 10.801774 -8.686100 5.421855
v 10.638332 -8.900072 5.207882
v 10.638332 -7.991872 5.207882
v 10.801774 -8.205845 5.421855
v 10.638332 -8.900072 6.116082
v 10.801774 -8.686100 5.902109
v 10.801774 -8.205845 5.902109
v 10.638332 -7.991872 6.116082
v 9.972777 -9.645544 -4.359774
v 9.972777 -7.246401 -4.359774
v 9.972777 -9.645544 -6.758917
v 9.972777 -7.246401 -6.758917
v 9.233887 -9.645544 -4.359774
v 9.233887 -7.246401 -4.359774
v 9.233887 -9.645544 -6.758917
v 9.233887 -7.246401 -6.758917
v 9.977590 -10.075972 -6.102679
v 9.977590 -10.075972 -5.016012
v 9.977590 -6.815972 -5.016012
v 9.977590 -6.815972 -6.102679
v 9.018084 -10.075972 -5.016012
v 9.018084 -10.075972 -6.102679
v 9.018084 -6.815972 -6.102679
v 9.018084 -6.815972 -5.016012
v 9.977590 -8.989306 -3.929345
v 9.977590 -7.902639 -3.929345
v 9.977590 -7.902639 -7.189345
v 9.977590 -8.989306 -7.189345
v 9.018084 -7.902639 -7.189345
v 9.018084 -8.989306 -7.189345
v 9.018084 -7.902639 -3.929345
v 9.018084 -8.989306 -3.929345
v 9.018084 -7.902639 -6.102679
v 9.018084 -8.989306 -6.102679
v 9.018084 -7.902639 -5.016012
v 9.018084 -8.989306 -5.016012
v 10.188580 -7.404632 -4.518005
v 10.188580 -9.487313 -4.518005
v 10.188580 -7.404632 -6.600686
v 10.188580 -9.487313 -6.600686
v 9.977590 -8.627084 -3.929345
v 9.977590 -8.264862 -3.929345
v 9.977590 -8.264862 -7.189345
v 9.977590 -8.627084 -7.189345
v 9.018084 -8.264862 -7.189345
v 9.018084 -8.627084 -7.189345
v 9.018084 -8.264862 -3.929345
v 9.018084 -8.627084 -3.929345
v 9.018084 -8.264862 -6.102679
v 9.018084 -8.627084 -6.102679
v 9.018084 -8.264862 -5.016012
v 9.018084 -8.627084 -5.016012
v 10.188580 -8.098859 -4.518005
v 10.188580 -8.793086 -4.518005
v 10.188580 -8.098859 -6.600686
v 10.188580 -8.793086 -6.600686
v 9.977590 -10.075972 -5.740457
v 9.977590 -10.075972 -5.378234
v 9.977590 -6.815972 -5.378234
v 9.977590 -6.815972 -5.740457
v 9.018084 -10.075972 -5.378234
v 9.018084 -10.075972 -5.740457
v 9.018084 -6.815972 -5.740457
v 9.018084 -6.815972 -5.378234
v 10.188580 -9.487313 -5.212232
v 10.188580 -9.487313 -5.906459
v 10.188580 -7.404632 -5.212232
v 10.188580 -7.404632 -5.906459
v 9.018084 -8.989306 -5.740457
v 9.018084 -8.989306 -5.378234
v 9.018084 -7.902639 -5.740457
v 9.018084 -7.902639 -5.378234
v 9.018084 -8.627084 -5.740457
v 9.018084 -8.627084 -5.378234
v 9.018084 -8.264862 -5.740457
v 9.018084 -8.264862 -5.378234
v 9.923512 -8.174190 -4.699868
v 9.923512 -8.717756 -4.699868
v 9.923512 -8.174190 -6.418823
v 9.923512 -8.717756 -6.418823
v 9.923512 -9.305450 -5.287562
v 9.923512 -9.305450 -5.831129
v 9.923512 -7.586494 -5.287562
v 9.923512 -7.586494 -5.831129
v 9.923512 -8.098859 -4.518005
v 9.923512 -8.793086 -4.518005
v 9.923512 -8.098859 -6.600686
v 9.923512 -8.793086 -6.600686
v 9.923512 -9.487313 -5.212232
v 9.923512 -9.487313 -5.906459
v 9.923512 -7.404632 -5.212232
v 9.923512 -7.404632 -5.906459
v 10.638332 -8.717756 -6.418823
v 10.638332 -8.174190 -6.418823
v 10.638332 -8.717756 -4.699868
v 10.638332 -8.174190 -4.699868
v 10.638332 -9.305450 -5.287562
v 10.638332 -9.305450 -5.831129
v 10.638332 -7.586494 -5.287562
v 10.638332 -7.586494 -5.831129
v 10.801774 -8.686100 -5.799472
v 10.638332 -8.900072 -6.013445
v 10.638332 -7.991872 -6.013445
v 10.801774 -8.205845 -5.799472
v 10.638332 -8.900072 -5.105246
v 10.801774 -8.686100 -5.319219
v 10.801774 -8.205845 -5.319219
v 10.638332 -7.991872 -5.105246
v 9.972777 -9.645544 3.085983
v 9.972777 -7.246401 3.085983
v 9.972777 -9.645544 0.686841
v 9.972777 -7.246401 0.686841
v 9.233887 -9.645544 3.085983
v 9.233887 -7.246401 3.085983
v 9.233887 -9.645544 0.686841
v 9.233887 -7.246401 0.686841
v 9.977590 -10.075972 1.343079
v 9.977590 -10.075972 2.429746
v 9.977590 -6.815972 2.429746
v 9.977590 -6.815972 1.343079
v 9.018084 -10.075972 2.429746
v 9.018084 -10.075972 1.343079
v 9.018084 -6.815972 1.343079
v 9.018084 -6.815972 2.429746
v 9.977590 -8.989306 3.516412
v 9.977590 -7.902639 3.516412
v 9.977590 -7.902639 0.256412
v 9.977590 -8.989306 0.256412
v 9.018084 -7.902639 0.256412
v 9.018084 -8.989306 0.256412
v 9.018084 -7.902639 3.516412
v 9.018084 -8.989306 3.516412
v 9.018084 -7.902639 1.343079
v 9.018084 -8.989306 1.343079
v 9.018084 -7.902639 2.429746
v 9.018084 -8.989306 2.429746
v 10.188580 -7.404632 2.927752
v 10.188580 -9.487313 2.927752
v 10.188580 -7.404632 0.845072
v 10.188580 -9.487313 0.845072
v 9.977590 -8.627084 3.516412
v 9.977590 -8.264862 3.516412
v 9.977590 -8.264862 0.256412
v 9.977590 -8.627084 0.256412
v 9.018084 -8.264862 0.256412
v 9.018084 -8.627084 0.256412
v 9.018084 -8.264862 3.516412
v 9.018084 -8.627084 3.516412
v 9.018084 -8.264862 1.343079
v 9.018084 -8.627084 1.343079
v 9.018084 -8.264862 2.429746
v 9.018084 -8.627084 2.429746
v 10.188580 -8.098859 2.927752
v 10.188580 -8.793086 2.927752
v 10.188580 -8.098859 0.845072
v 10.188580 -8.793086 0.845072
v 9.977590 -10.075972 1.705301
v 9.977590 -10.075972 2.067523
v 9.977590 -6.815972 2.067523
v 9.977590 -6.815972 1.705301
v 9.018084 -10.075972 2.067523
v 9.018084 -10.075972 1.705301
v 9.018084 -6.815972 1.705301
v 9.018084 -6.815972 2.067523
v 10.188580 -9.487313 2.233526
v 10.188580 -9.487313 1.539299
v 10.188580 -7.404632 2.233526
v 10.188580 -7.404632 1.539299
v 9.018084 -8.989306 1.705301
v 9.018084 -8.989306 2.067523
v 9.018084 -7.902639 1.705301
v 9.018084 -7.902639 2.067523
v 9.018084 -8.627084 1.705301
v 9.018084 -8.627084 2.067523
v 9.018084 -8.264862 1.705301
v 9.018084 -8.264862 2.067523
v 9.923512 -8.174190 2.745890
v 9.923512 -8.717756 2.745890
v 9.923512 -8.174190 1.026935
v 9.923512 -8.717756 1.026935
v 9.923512 -9.305450 2.158195
v 9.923512 -9.305450 1.614629
v 9.923512 -7.586494 2.158195
v 9.923512 -7.586494 1.614629
v 9.923512 -8.098859 2.927752
v 9.923512 -8.793086 2.927752
v 9.923512 -8.098859 0.845072
v 9.923512 -8.793086 0.845072
v 9.923512 -9.487313 2.233526
v 9.923512 -9.487313 1.539299
v 9.923512 -7.404632 2.233526
v 9.923512 -7.404632 1.539299
v 10.638332 -8.717756 1.026935
v 10.638332 -8.174190 1.026935
v 10.638332 -8.717756 2.745890
v 10.638332 -8.174190 2.745890
v 10.638332 -9.305450 2.158195
v 10.638332 -9.305450 1.614629
v 10.638332 -7.586494 2.158195
v 10.638332 -7.586494 1.614629
v 10.801774 -8.686100 1.646285
v 10.638332 -8.900072 1.432312
v 10.638332 -7.991872 1.432312
v 10.801774 -8.205845 1.646285
v 10.638332 -8.900072 2.340512
v 10.801774 -8.686100 2.126539
v 10.801774 -8.205845 2.126539
v 10.638332 -7.991872 2.340512
v 9.972777 -9.645544 -0.691035
v 9.972777 -7.246401 -0.691035
v 9.972777 -9.645544 -3.090178
v 9.972777 -7.246401 -3.090178
v 9.233887 -9.645544 -0.691035
v 9.233887 -7.246401 -0.691035
v 9.233887 -9.645544 -3.090178
v 9.233887 -7.246401 -3.090178
v 9.977590 -10.075972 -2.433940
v 9.977590 -10.075972 -1.347273
v 9.977590 -6.815972 -1.347273
v 9.977590 -6.815972 -2.433940
v 9.018084 -10.075972 -1.347273
v 9.018084 -10.075972 -2.433940
v 9.018084 -6.815972 -2.433940
v 9.018084 -6.815972 -1.347273
v 9.977590 -8.989306 -0.260607
v 9.977590 -7.902639 -0.260607
v 9.977590 -7.902639 -3.520606
v 9.977590 -8.989306 -3.520606
v 9.018084 -7.902639 -3.520607
v 9.018084 -8.989306 -3.520607
v 9.018084 -7.902639 -0.260606
v 9.018084 -8.989306 -0.260606
v 9.018084 -7.902639 -2.433940
v 9.018084 -8.989306 -2.433940
v 9.018084 -7.902639 -1.347273
v 9.018084 -8.989306 -1.347273
v 10.188580 -7.404632 -0.849266
v 10.188580 -9.487313 -0.849266
v 10.188580 -7.404632 -2.931947
v 10.188580 -9.487313 -2.931947
v 9.977590 -8.627084 -0.260607
v 9.977590 -8.264862 -0.260607
v 9.977590 -8.264862 -3.520606
v 9.977590 -8.627084 -3.520606
v 9.018084 -8.264862 -3.520607
v 9.018084 -8.627084 -3.520607
v 9.018084 -8.264862 -0.260606
v 9.018084 -8.627084 -0.260606
v 9.018084 -8.264862 -2.433940
v 9.018084 -8.627084 -2.433940
v 9.018084 -8.264862 -1.347273
v 9.018084 -8.627084 -1.347273
v 10.188580 -8.098859 -0.849266
v 10.188580 -8.793086 -0.849266
v 10.188580 -8.098859 -2.931947
v 10.188580 -8.793086 -2.931947
v 9.977590 -10.075972 -2.071718
v 9.977590 -10.075972 -1.709495
v 9.977590 -6.815972 -1.709495
v 9.977590 -6.815972 -2.071718
v 9.018084 -10.075972 -1.709495
v 9.018084 -10.075972 -2.071718
v 9.018084 -6.815972 -2.071718
v 9.018084 -6.815972 -1.709495
v 10.188580 -9.487313 -1.543493
v 10.188580 -9.487313 -2.237720
v 10.188580 -7.404632 -1.543493
v 10.188580 -7.404632 -2.237720
v 9.018084 -8.989306 -2.071718
v 9.018084 -8.989306 -1.709495
v 9.018084 -7.902639 -2.071718
v 9.018084 -7.902639 -1.709495
v 9.018084 -8.627084 -2.071718
v 9.018084 -8.627084 -1.709495
v 9.018084 -8.264862 -2.071718
v 9.018084 -8.264862 -1.709495
v 9.923512 -8.174190 -1.031129
v 9.923512 -8.717756 -1.031129
v 9.923512 -8.174190 -2.750084
v 9.923512 -8.717756 -2.750084
v 9.923512 -9.305450 -1.618823
v 9.923512 -9.305450 -2.162390
v 9.923512 -7.586494 -1.618823
v 9.923512 -7.586494 -2.162390
v 9.923512 -8.098859 -0.849266
v 9.923512 -8.793086 -0.849266
v 9.923512 -8.098859 -2.931947
v 9.923512 -8.793086 -2.931947
v 9.923512 -9.487313 -1.543493
v 9.923512 -9.487313 -2.237720
v 9.923512 -7.404632 -1.543493
v 9.923512 -7.404632 -2.237720
v 10.638332 -8.717756 -2.750084
v 10.638332 -8.174190 -2.750084
v 10.638332 -8.717756 -1.031129
v 10.638332 -8.174190 -1.031129
v 10.638332 -9.305450 -1.618823
v 10.638332 -9.305450 -2.162390
v 10.638332 -7.586494 -1.618823
v 10.638332 -7.586494 -2.162390
v 10.801774 -8.686100 -2.130733
v 10.638332 -8.900072 -2.344706
v 10.638332 -7.991872 -2.344706
v 10.801774 -8.205845 -2.130733
v 10.638332 -8.900072 -1.436507
v 10.801774 -8.686100 -1.650479
v 10.801774 -8.205845 -1.650479
v 10.638332 -7.991872 -1.436507
v -7.674752 -1.678006 13.445146
v -7.674752 -0.878474 13.445146
v -7.758285 -1.761539 11.815697
v -7.758285 -1.378431 11.815697
v -5.841817 -1.678006 13.445146
v -5.841817 -0.878474 13.445146
v -5.758285 -1.761539 11.815697
v -5.758285 -1.378431 11.815697
v -7.758285 -1.761539 12.487093
v -7.758285 -1.378431 12.487093
v -5.758285 -1.761539 12.487093
v -5.758285 -1.378431 12.487093
v -7.758285 -1.761539 12.822793
v -5.758285 -0.794941 12.822793
v -7.758285 -0.794941 12.822793
v -5.758285 -1.761539 12.822793
v -7.758285 -1.761539 13.445146
v -7.758285 -0.794941 13.445146
v -5.758285 -0.794941 13.445146
v -5.758285 -1.761539 13.445146
v -7.674752 -1.678006 13.360665
v -7.674752 -0.878474 13.360665
v -5.841817 -0.878474 13.360665
v -5.841817 -1.678006 13.360665
v 7.674759 -1.678006 13.445146
v 7.674759 -0.878474 13.445146
v 7.758292 -1.761539 11.815697
v 7.758292 -1.378431 11.815697
v 5.841825 -1.678006 13.445146
v 5.841825 -0.878474 13.445146
v 5.758292 -1.761539 11.815697
v 5.758292 -1.378431 11.815697
v 7.758292 -1.761539 12.487093
v 7.758292 -1.378431 12.487093
v 5.758292 -1.761539 12.487093
v 5.758292 -1.378431 12.487093
v 7.758292 -1.761539 12.822793
v 5.758292 -0.794941 12.822793
v 7.758292 -0.794941 12.822793
v 5.758292 -1.761539 12.822793
v 7.758292 -1.761539 13.445146
v 7.758292 -0.794941 13.445146
v 5.758292 -0.794941 13.445146
v 5.758292 -1.761539 13.445146
v 7.674759 -1.678006 13.360665
v 7.674759 -0.878474 13.360665
v 5.841825 -0.878474 13.360665
v 5.841825 -1.678006 13.360665
v 8.000000 4.026526 4.343733
v 8.000000 4.012930 10.449682
v 2.666667 4.012930 10.449682
v 2.666667 4.026526 4.343733
v 2.666667 4.026527 5.674469
v 2.666667 4.026527 8.335936
v 8.000000 4.026527 8.335936
v 8.000000 4.026527 5.674469
v 3.066666 4.150843 4.343733
v 3.066666 4.231853 10.903075
v 7.630000 4.150843 4.343733
v 7.630000 4.231853 10.903075
v 8.000000 4.026526 9.395498
v 2.666667 4.026526 9.395498
v 2.666667 4.026526 4.657897
v 8.000000 4.026526 4.657897
v -4.433028 -5.000001 5.466183
v 8.000000 -1.747812 5.466183
v 8.000000 -2.183707 5.466183
v 2.666667 -1.747812 5.466183
v -2.666667 -1.747812 5.466183
v -4.433028 -5.804175 5.466183
v -1.333333 -6.136306 5.466183
v 1.333333 -6.136306 5.466183
v 8.000000 4.265519 5.466183
v 2.666667 4.265519 5.466183
v 10.000000 -1.747812 5.466183
v 10.000000 -2.183707 5.466183
v 8.000000 3.787534 5.466183
v 8.000000 0.314355 5.466183
v 1.565810 -5.988378 5.466183
v 3.066666 4.665462 5.466183
v 7.630000 4.665462 5.466183
v 4.217987 -5.941010 5.466183
v -8.000000 -1.747812 5.466183
v 4.433028 -5.000001 5.466183
v -8.000000 -2.183707 5.466183
v 4.433028 -5.804175 5.466183
v -10.000000 -1.747812 5.466183
v -10.000000 -2.183707 5.466183
v 2.666667 3.787534 5.466183
v 2.666667 0.314355 5.466183
v 2.666667 3.684361 5.589990
v 2.666667 0.417528 5.589990
v 2.666667 3.684361 5.589990
v 2.666667 0.417528 5.589990
v 2.866667 3.684361 5.589990
v 2.866667 0.417528 5.589990
v -1.333333 -8.356102 5.466183
v 1.333333 -8.356102 5.466183
v 8.000000 4.026526 5.466183
v 2.666667 4.026526 5.466183
v -8.000000 -1.747812 8.565717
v 4.433028 -5.000001 8.565717
v -8.000000 -2.183707 8.565717
v 4.433028 -5.804175 8.565717
v -10.000000 -1.747812 8.565717
v -10.000000 -2.183707 8.565717
v 2.666667 3.787534 8.565717
v 2.666667 0.314355 8.565717
v -4.433028 -5.000001 8.565717
v 8.000000 -1.747812 8.565717
v 8.000000 -2.183707 8.565717
v 2.666667 -1.747812 8.565717
v -2.666667 -1.747812 8.565717
v -4.433028 -5.804175 8.565717
v -1.333333 -6.136306 8.565717
v 1.333333 -6.136306 8.565717
v 8.000000 4.265519 8.565717
v 2.666667 4.265519 8.565717
v 10.000000 -1.747812 8.565717
v 10.000000 -2.183707 8.565717
v 8.000000 3.787534 8.565717
v 8.000000 0.314355 8.565717
v 3.066666 4.816772 8.565717
v 1.565810 -5.988378 8.565717
v 7.630000 4.816772 8.565717
v 4.217987 -5.941010 8.565717
v 2.666667 3.684361 8.441910
v 2.666667 0.417528 8.441910
v 2.666667 3.684361 8.441910
v 2.666667 0.417528 8.441910
v 2.866667 3.684361 8.441910
v 2.866667 0.417528 8.441910
v -1.333333 -8.356102 8.098433
v 1.333333 -8.356102 8.098433
v 2.666667 4.026526 8.565717
v 8.000000 4.026526 8.565717
v -8.000000 -3.077428 -12.000000
v 8.000000 -3.077428 -12.000000
v 8.000000 -4.263152 12.385811
v -8.000000 -4.263152 12.385811
v -8.000000 -4.263153 9.999999
v -8.000000 -4.263153 -9.999999
v 8.000000 -4.263153 -9.999999
v 8.000000 -4.263153 9.999999
v -2.666667 -3.077428 -12.000000
v 2.666667 -3.077428 -12.000000
v 5.366282 -4.263153 -9.666666
v 5.366282 -4.263153 9.666666
v -5.366282 -4.263153 9.666666
v -5.366282 -4.263153 -9.666666
v 6.000000 -4.263152 14.368569
v -6.000000 -4.263152 14.368569
v 2.666667 -3.060775 14.368569
v -2.666667 -3.060775 14.368569
v -5.366282 -4.263153 4.343733
v 5.366282 -4.263153 4.343733
v -5.366282 -4.263153 8.335936
v -5.366282 -4.263153 5.674469
v 5.366282 -4.263153 5.674469
v 5.366282 -4.263153 8.335936
v 2.916667 -3.150953 14.368569
v 3.066666 -3.077428 -12.000000
v 5.768750 -4.179737 14.368569
v 7.630000 -3.077428 -12.000000
v -5.366282 -4.263153 9.395498
v 5.366282 -4.263153 9.395498
v 5.366282 -4.263153 4.657897
v -5.366282 -4.263153 4.657897
v -5.366282 -4.263153 5.466183
v 5.366282 -4.263153 5.466183
v 5.366282 -4.263153 8.565717
v -5.366282 -4.263153 8.565717
v -5.333333 -3.394116 -12.000000
v -5.333333 -1.747813 13.474598
v -5.333333 -2.183706 13.474598
v -5.333333 -5.000000 -9.999999
v -5.333333 -5.000000 9.999999
v -5.333333 -1.747813 -12.000000
v -5.333333 -5.000000 12.000000
v -5.333333 -2.183706 -12.000000
v -5.333333 -1.747813 -9.999999
v -5.333333 -1.747813 9.999999
v -3.549847 -5.000001 -9.666666
v -3.549847 -5.000001 9.666666
v -5.333333 -1.747812 -9.666666
v -5.333333 -1.747812 9.666666
v -2.883181 -5.970240 -9.666666
v -2.883181 -5.970240 9.666666
v -4.333333 -2.183706 14.368569
v -4.333333 -4.185781 14.368569
v -2.883181 -5.970240 4.343733
v -5.333333 -1.747812 4.343733
v -5.333333 -1.747813 -14.000000
v -5.333333 -2.183706 -14.000000
v -2.883181 -5.970241 5.674469
v -2.883181 -5.970241 8.335936
v -5.333333 -1.747812 5.674469
v -5.333333 -1.747812 8.335936
v -2.883181 -5.970240 9.395498
v -5.333333 -1.747812 9.395498
v -5.333333 -1.747812 4.657897
v -2.883181 -5.970240 4.657897
v -5.333333 -1.947812 -9.066666
v -5.333333 -1.947812 3.743733
v -5.333333 -1.747812 5.466183
v -2.883181 -5.970241 5.466183
v -5.333333 -1.747812 8.565717
v -2.883181 -5.970241 8.565717
v -4.333333 -3.661963 14.368569
v -5.333333 -3.077428 -12.000000
v 5.348333 -3.394116 -12.000000
v 5.348333 -1.747813 13.474598
v 5.348333 -2.183706 13.474598
v 5.348333 -5.000000 -9.999999
v 5.348333 -5.000000 9.999999
v 3.554815 -5.000001 -9.666666
v 3.554815 -5.000001 9.666666
v 2.891898 -5.964693 -9.666666
v 2.891898 -5.964693 9.666666
v 4.342709 -2.183706 14.368569
v 2.891898 -5.964693 4.343733
v 5.348333 3.775937 10.418826
v 5.348333 0.331827 9.970418
v 2.891898 -5.964694 5.674469
v 2.891898 -5.964694 8.335936
v 5.348333 -1.747813 -12.000000
v 5.348333 -5.000000 12.000000
v 5.348333 -2.183706 -12.000000
v 5.348333 -1.747813 -9.999999
v 5.348333 -1.747813 9.999999
v 5.348333 -1.747812 -9.666666
v 5.348333 -1.713082 9.704180
v 4.342709 -4.190361 14.368569
v 5.348333 -1.747812 4.343733
v 5.348333 4.687768 11.387324
v 5.348333 4.514153 4.343733
v 5.348333 -1.747813 -14.000000
v 5.348333 -2.183706 -14.000000
v 5.348333 3.787533 4.343733
v 5.348333 0.314355 4.343733
v 5.348333 4.816772 5.674469
v 5.348333 4.816772 8.335936
v 2.891898 -5.964693 9.395498
v 5.348333 4.816771 9.395498
v 2.891898 -5.964693 4.657897
v 5.348333 4.514153 4.657897
v 5.348333 3.673628 10.405506
v 5.348333 0.434136 9.983738
v 5.348333 3.684361 4.343733
v 5.348333 0.417528 4.343733
v 5.348333 3.699449 10.207180
v 5.348333 0.459957 9.785412
v 5.348333 3.684361 4.543733
v 5.348333 0.417528 4.543733
v 5.148334 -1.947812 -9.066666
v 5.148334 -1.947812 3.743733
v 5.348333 4.231853 10.903075
v 5.348333 4.150843 4.343733
v 2.891898 -5.964694 5.466183
v 5.348333 4.665462 5.466183
v 5.348333 4.816772 8.565717
v 2.891898 -5.964694 8.565717
v 5.348333 -3.077428 -12.000000
v 4.342709 -3.665345 14.368569
vn -0.0000 -1.0000 -0.0000
vn -0.0000 1.0000 -0.0000
vn -0.0000 -0.0000 1.0000
vn 0.5711 -0.2079 0.7941
vn 1.0000 -0.0000 -0.0000
vn -0.0000 -0.0000 -1.0000
vn -1.0000 -0.0000 -0.0000
vn -0.2425 -0.1536 0.9579
vn 0.2425 -0.1536 -0.9579
vn -0.0000 -0.7797 -0.6261
vn -0.0000 0.9932 0.1166
vn -0.0034 0.9985 0.0551
vn 0.1673 -0.8902 0.4237
vn -0.0030 0.9982 -0.0598
vn 0.7071 -0.0000 -0.7071
vn 0.2425 -0.1536 0.9579
vn 0.6197 -0.7849 -0.0000
vn -0.2425 -0.1536 -0.9579
vn -0.6197 -0.7849 -0.0000
vn -0.1065 -0.9943 -0.0000
vn 0.5368 -0.8437 -0.0000
vn -0.0000 -0.8240 0.5665
vn -0.7249 -0.1745 0.6664
vn -0.1832 -0.9750 -0.1261
vn -0.7899 0.6125 0.0288
vn 0.6871 -0.4335 0.5831
vn -0.7071 -0.0000 -0.7071
vn 0.8667 -0.0000 0.4989
vn 0.0081 0.9982 -0.0598
vn 0.0092 0.9984 0.0551
vn -0.0000 -0.1291 0.9916
vn 0.5642 -0.0000 -0.8256
vn -0.7452 0.6268 -0.2277
vn -0.8094 0.5873 -0.0000
vn -0.0000 0.8091 -0.5877
vn -0.6584 -0.4491 0.6041
vn -0.0000 0.9979 0.0646
vn -0.1552 -0.8261 0.5417
vn 0.8123 0.5826 0.0274
vn 0.7704 0.5993 -0.2177
vn 0.8303 0.5573 -0.0000
vn 0.0179 -0.9998 -0.0000
vn -0.0000 -0.7281 0.6855
vn -0.1841 -0.9797 0.0794
vn 0.5578 0.8300 -0.0000
vn -0.5279 0.8493 -0.0000
vn -0.0000 0.9916 0.1291
vn -0.0000 -0.9916 -0.1291
vn -0.8667 -0.0000 0.4989
vn 0.4472 0.8944 -0.0000
vn -0.0000 0.9487 0.3162
vn -0.4472 0.8944 -0.0000
vn -0.0000 0.9487 -0.3162
vn -0.0000 -0.6552 -0.7554
vn -0.0000 -0.3880 0.9216
vn -0.0000 0.9618 0.2738
vn -0.0000 0.9618 -0.2738
vn -0.0000 -0.9914 -0.1310
vn -0.0000 0.9914 0.1310
vn -0.0000 -0.9188 -0.3947
vn -0.0000 0.9188 0.3947
vn -0.0000 0.9188 -0.3947
vn -0.0000 -0.9618 -0.2738
vn -0.0000 -0.9618 0.2738
vn -0.0000 -0.4120 0.9112
vn -0.0000 0.4120 0.9112
vn -0.0000 -0.4120 -0.9112
vn -0.0000 0.4120 -0.9112
vn -0.0000 -0.9188 0.3947
vn -0.0000 0.9914 -0.1310
vn -0.0000 -0.9914 0.1310
vn -0.7198 0.4909 -0.4909
vn -0.0000 0.5485 -0.8362
vn 0.9740 0.1602 0.1602
vn -0.0000 0.5485 0.8362
vn -0.0000 -0.8362 0.5485
vn -0.0000 0.8362 0.5485
vn -0.0000 0.8362 -0.5485
vn -0.0000 -0.8362 -0.5485
vn 0.9740 0.1602 -0.1602
vn -0.7198 0.4909 0.4909
vn -0.9414 0.3374 -0.0000
vn -0.9414 -0.3374 -0.0000
vn -0.7198 -0.4909 0.4909
vn -0.9414 -0.0000 0.3374
vn 0.9740 -0.1602 -0.1602
vn -0.0000 -0.5485 0.8362
vn 0.9740 -0.1602 0.1602
vn -0.0000 -0.5485 -0.8362
vn -0.7198 -0.4909 -0.4909
vn -0.9414 -0.0000 -0.3374
vn -0.0000 -0.7071 -0.7071
vn -0.0000 0.7071 0.7071
vn -0.0000 -0.7071 0.7071
vn -0.0000 0.7071 -0.7071
vn -0.7947 -0.6070 -0.0000
vn -0.7947 0.6070 -0.0000
vn -0.7947 -0.0000 0.6070
vn -0.7947 -0.0000 -0.6070
vn 0.7198 0.4909 -0.4909
vn -0.9740 0.1602 0.1602
vn -0.9740 0.1602 -0.1602
vn 0.7198 0.4909 0.4909
vn 0.9414 0.3374 -0.0000
vn 0.9414 -0.3374 -0.0000
vn 0.7198 -0.4909 0.4909
vn 0.9414 -0.0000 0.3374
vn -0.9740 -0.1602 -0.1602
vn -0.9740 -0.1602 0.1602
vn 0.7198 -0.4909 -0.4909
vn 0.9414 -0.0000 -0.3374
vn 0.7947 -0.6070 -0.0000
vn 0.7947 0.6070 -0.0000
vn 0.7947 -0.0000 0.6070
vn 0.7947 -0.0000 -0.6070
vn -0.0000 0.4987 -0.8668
vn -0.2799 -0.5728 0.7705
vn 0.5793 -0.8151 -0.0000
vn 0.7018 -0.4937 -0.5135
vn 0.3006 -0.5690 0.7654
vn 0.6826 -0.4802 0.5510
vn 0.5266 -0.0000 0.8501
vn 0.6575 0.7502 -0.0702
vn -0.0000 0.9829 -0.1840
vn -0.6281 0.7747 -0.0725
vn -0.5711 -0.2079 0.7941
vn -0.1067 -0.0675 -0.9920
vn 0.1067 -0.0675 0.9920
vn 0.1067 -0.0675 -0.9920
vn -0.1067 -0.0675 0.9920
vn 0.7249 -0.1745 0.6664
vn 0.1844 -0.9815 0.0519
vn -0.1693 -0.9011 0.3992
vt 0.445407 0.083333
vt 0.445407 0.000000
vt 0.445407 0.416667
vt 0.445407 0.333333
vt 0.625000 0.583333
vt 0.625000 0.611111
vt 0.445407 0.958333
vt 0.625000 0.958333
vt 0.625000 1.000000
vt 0.445407 1.000000
vt 0.369219 0.666667
vt 0.375000 0.666667
vt 0.375000 0.750000
vt 0.369219 0.750000
vt 0.833333 0.666667
vt 0.875000 0.666667
vt 0.875000 0.750000
vt 0.833333 0.750000
vt 0.393421 0.750000
vt 0.445407 0.750000
vt 0.393421 0.666667
vt 0.445407 0.666667
vt 0.393421 0.494219
vt 0.445407 0.494219
vt 0.445407 0.500000
vt 0.393421 0.500000
vt 0.393421 0.166667
vt 0.445407 0.166667
vt 0.445407 0.250000
vt 0.393421 0.250000
vt 0.393421 0.000000
vt 0.393421 0.083333
vt 0.393421 0.138889
vt 0.445407 0.138889
vt 0.445407 0.583333
vt 0.393421 0.583333
vt 0.393421 0.638889
vt 0.445407 0.638889
vt 0.833333 0.500000
vt 0.875000 0.500000
vt 0.875000 0.583333
vt 0.833333 0.583333
vt 0.833333 0.638889
vt 0.875000 0.638889
vt 0.369219 0.500000
vt 0.375000 0.500000
vt 0.375000 0.583333
vt 0.369219 0.583333
vt 0.369219 0.638889
vt 0.375000 0.638889
vt 0.625000 0.500000
vt 0.445407 0.118759
vt 0.166667 0.638889
vt 0.208333 0.638889
vt 0.208333 0.666667
vt 0.166667 0.666667
vt 0.291667 0.638889
vt 0.291667 0.666667
vt 0.166667 0.500000
vt 0.208333 0.500000
vt 0.208333 0.583333
vt 0.166667 0.583333
vt 0.291667 0.500000
vt 0.291667 0.583333
vt 0.702083 0.638889
vt 0.708333 0.638889
vt 0.708333 0.666667
vt 0.702083 0.666667
vt 0.791667 0.638889
vt 0.791667 0.666667
vt 0.702083 0.500000
vt 0.708333 0.500000
vt 0.708333 0.583333
vt 0.702083 0.583333
vt 0.791667 0.500000
vt 0.791667 0.583333
vt 0.393421 0.291667
vt 0.445407 0.291667
vt 0.393421 0.333333
vt 0.393421 0.416667
vt 0.445407 0.833333
vt 0.445407 0.916667
vt 0.166667 0.750000
vt 0.208333 0.750000
vt 0.166667 0.750000
vt 0.708333 0.750000
vt 0.702083 0.750000
vt 0.791667 0.750000
vt 0.291667 0.750000
vt 0.445407 0.827083
vt 0.625000 0.827083
vt 0.625000 0.833333
vt 0.625000 0.916667
vt 0.875000 0.631241
vt 0.875000 0.611111
vt 0.791667 0.611111
vt 0.708333 0.611111
vt 0.708333 0.638369
vt 0.791667 0.638369
vt 0.702083 0.611111
vt 0.625000 0.631843
vt 0.625000 0.631241
vt 0.625000 0.631843
vt 0.291667 0.611111
vt 0.208333 0.611111
vt 0.166667 0.611111
vt 0.445407 0.111631
vt 0.445407 0.111111
vt 0.445407 0.111631
vt 0.625000 0.666667
vt 0.625000 0.750000
vt 0.375000 0.611111
vt 0.369219 0.611111
vt 0.369219 0.611111
vt 0.833333 0.611111
vt 0.833333 0.638369
vt 0.875000 0.638369
vt 0.445407 0.611111
vt 0.393421 0.611111
vt 0.393421 0.638369
vt 0.445407 0.638369
vt 0.393421 0.111111
vt 0.393421 0.118759
vt 0.291667 0.638369
vt 0.166667 0.638369
vt 0.208333 0.638369
vt 0.166667 0.638889
vt 0.369219 0.638369
vt 0.375000 0.638369
vt 0.369219 0.638889
vt 0.297917 0.638889
vt 0.125000 0.638889
vt 0.375000 0.118759
vt 0.375000 0.138889
vt 0.393421 0.958333
vt 0.445407 0.958333
vt 0.393421 1.000000
vt 0.393421 0.827083
vt 0.445407 0.827083
vt 0.393421 0.833333
vt 0.393421 0.916667
vt 0.375000 0.000000
vt 0.369219 0.750000
vt 0.375000 0.118157
vt 0.375000 0.631241
vt 0.375000 0.631241
vt 0.369219 0.631241
vt 0.208333 0.631241
vt 0.166667 0.631241
vt 0.291667 0.633790
vt 0.291667 0.636340
vt 0.393421 0.118157
vt 0.445407 0.118157
vt 0.445407 0.631241
vt 0.393421 0.631241
vt 0.833333 0.611973
vt 0.868750 0.611973
vt 0.868750 0.630379
vt 0.833333 0.630379
vt 0.702083 0.611973
vt 0.702083 0.630379
vt 0.714583 0.611973
vt 0.785417 0.611973
vt 0.785417 0.630379
vt 0.714583 0.630379
vt 0.702083 0.638369
vt 0.708333 0.638369
vt 0.630781 0.638889
vt 0.625000 0.638889
vt 0.630781 0.638889
vt 0.702083 0.631241
vt 0.708333 0.631241
vt 0.708333 0.631241
vt 0.702083 0.631241
vt 0.625000 0.494219
vt 0.625000 0.291667
vt 0.625000 0.333333
vt 0.625000 0.416667
vt 0.445407 0.422917
vt 0.630781 0.500000
vt 0.630781 0.500000
vt 0.625000 0.166667
vt 0.625000 0.250000
vt 0.625000 0.138889
vt 0.625000 0.083333
vt 0.625000 0.111111
vt 0.625000 0.118759
vt 0.625000 0.118157
vt 0.875000 0.631843
vt 0.875000 0.631843
vt 0.445407 0.638369
vt 0.625000 0.638369
vt 0.445407 0.631843
vt 0.445407 0.631843
vt 0.630781 0.638889
vt 0.630781 0.638889
vt 0.625000 0.631843
vt 0.702083 0.631241
vt 0.708333 0.632817
vt 0.708333 0.633790
vt 0.708333 0.636340
vt 0.625000 0.637354
vt 0.625000 0.636340
vt 0.625000 0.633790
vt 0.625000 0.637354
vt 0.708333 0.637117
vt 0.708333 0.637895
vt 0.445407 0.637354
vt 0.445407 0.636340
vt 0.445407 0.637355
vt 0.445407 0.633790
vt 0.625000 0.632817
vt 0.445407 0.632817
vt 0.875000 0.637354
vt 0.875000 0.636340
vt 0.875000 0.633790
vt 0.445407 0.112646
vt 0.625000 0.112645
vt 0.625000 0.113660
vt 0.445407 0.113660
vt 0.625000 0.116210
vt 0.445407 0.116210
vt 0.708333 0.632817
vt 0.702083 0.632817
vt 0.702083 0.633790
vt 0.702083 0.636340
vt 0.393421 0.112645
vt 0.445407 0.112645
vt 0.393421 0.113660
vt 0.393421 0.116210
vt 0.375000 0.112645
vt 0.375000 0.113660
vt 0.375000 0.112645
vt 0.375000 0.116210
vt 0.375000 0.632817
vt 0.375000 0.633790
vt 0.375000 0.632816
vt 0.375000 0.636340
vt 0.369219 0.632817
vt 0.369219 0.633790
vt 0.369219 0.636340
vt 0.166667 0.632817
vt 0.208333 0.632817
vt 0.208333 0.633790
vt 0.166667 0.633790
vt 0.208333 0.636340
vt 0.166667 0.636340
vt 0.208333 0.637354
vt 0.208333 0.637354
vt 0.393421 0.632817
vt 0.445407 0.632817
vt 0.393421 0.633790
vt 0.393421 0.636340
vt 0.833333 0.632817
vt 0.875000 0.632817
vt 0.833333 0.633790
vt 0.833333 0.636340
vt 0.445407 0.117183
vt 0.445407 0.117183
vt 0.625000 0.637354
vt 0.625000 0.637354
vt 0.791667 0.632817
vt 0.791667 0.633790
vt 0.791667 0.636340
vt 0.297917 0.633790
vt 0.297917 0.636340
vt 0.291667 0.632817
vt 0.297917 0.632817
vt 0.666432 0.633790
vt 0.666432 0.636340
vt 0.666432 0.632817
vt 0.666432 0.631241
vt 0.666432 0.631241
vt 0.699504 0.631241
vt 0.445407 0.458568
vt 0.625000 0.422917
vt 0.702083 0.638889
vt 0.666432 0.638369
vt 0.666432 0.638889
vt 0.669557 0.611973
vt 0.669557 0.630379
vt 0.297917 0.611111
vt 0.297917 0.631241
vt 0.291667 0.631241
vt 0.445407 0.791432
vt 0.445407 0.791432
vt 0.297917 0.750000
vt 0.297917 0.750000
vt 0.393421 0.791432
vt 0.333568 0.638889
vt 0.333568 0.638889
vt 0.297917 0.638369
vt 0.297917 0.583333
vt 0.666432 0.583333
vt 0.666432 0.611111
vt 0.625000 0.791432
vt 0.666432 0.666667
vt 0.666432 0.750000
vt 0.666432 0.500000
vt 0.297917 0.666667
vt 0.297917 0.500000
vt 0.393421 0.422917
vt 0.630781 0.666667
vt 0.630781 0.583333
vt 0.630781 0.750000
vt 0.625000 0.755781
vt 0.445407 0.755781
vt 0.630781 0.611111
vt 0.393421 0.755781
vt 0.630781 0.631241
vt 0.625000 0.638369
vt 0.630781 0.638369
vt 0.625000 0.632816
vt 0.630781 0.632817
vt 0.630781 0.633790
vt 0.630781 0.636340
vt 0.333568 0.633790
vt 0.333568 0.636340
vt 0.333568 0.632816
vt 0.666432 0.638889
vt 0.633361 0.638889
vt 0.633360 0.638889
vt 0.666432 0.500000
vt 0.625000 0.458568
vt 0.333568 0.611111
vt 0.333568 0.631241
vt 0.333568 0.750000
vt 0.333568 0.638369
vt 0.333568 0.611111
vt 0.333568 0.583333
vt 0.333568 0.666667
vt 0.333568 0.500000
vt 0.393421 0.458568
vt 0.333568 0.637354
vt 0.369219 0.637354
vt 0.630781 0.637354
vt 0.291667 0.637354
vt 0.297917 0.637354
vt 0.666432 0.637354
vt 0.702083 0.637354
vt 0.375000 0.111111
vt 0.375000 0.111631
vt 0.393421 0.111631
vt 0.625000 0.111631
vt 0.708333 0.637354
vt 0.708333 0.637354
vt 0.708333 0.633054
vt 0.708333 0.632317
vt 0.708333 0.637354
vt 0.708333 0.637354
vt 0.375000 0.637354
vt 0.166667 0.637354
vt 0.393421 0.637354
vt 0.833333 0.637354
vt 0.791667 0.637354
vt 0.369219 0.631843
vt 0.333568 0.631843
vt 0.630781 0.631843
vt 0.702083 0.631843
vt 0.666432 0.631843
vt 0.297917 0.631843
vt 0.291667 0.631843
vt 0.791667 0.631241
vt 0.791667 0.631843
vt 0.708333 0.631843
vt 0.833333 0.631241
vt 0.833333 0.631843
vt 0.393421 0.631843
vt 0.208333 0.631843
vt 0.166667 0.631843
vt 0.375000 0.631843
vt 0.375000 0.631843
vt 0.708333 0.631843
vt 0.625000 0.632817
vt 0.625000 0.117183
vt 0.393421 0.117183
vt 0.375000 0.117183
vt 0.375000 0.117183
vt 0.625000 0.632817
vt 0.625000 0.636257
vt 0.625000 0.633872
vt 0.625000 0.636257
vt 0.625000 0.633872
vt 0.625000 0.635555
vt 0.625000 0.634575
vt 0.625000 0.635555
vt 0.708333 0.637895
vt 0.666432 0.638889
vt 0.699504 0.638889
vt 0.699504 0.638889
vt 0.699504 0.631241
vt 0.666432 0.631241
vt 0.633361 0.631241
vt 0.633361 0.631241
vt 0.708333 0.632816
vt 0.708333 0.632317
vt 0.708333 0.637117
vt 0.708333 0.637117
vt 0.708333 0.633054
vt 0.708333 0.633054
vt 0.797917 0.611973
vt 0.797917 0.630379
vt 0.637031 0.611973
vt 0.637031 0.630379
vt 0.208333 0.632817
vt 0.291667 0.637354
vt 0.465129 0.240623
vt 0.395388 0.240623
vt 0.534871 0.240623
vt 0.535775 0.241871
vt 0.534906 0.250000
vt 0.465093 0.250000
vt 0.464225 0.241871
vt 0.465129 0.740623
vt 0.395388 0.740623
vt 0.604612 0.240623
vt 0.552962 0.250000
vt 0.125000 0.729167
vt 0.375000 0.729167
vt 0.125000 0.750000
vt 0.625000 0.729167
vt 0.875000 0.729167
vt 0.395388 0.221352
vt 0.375000 0.250000
vt 0.375000 0.229167
vt 0.465093 0.750000
vt 0.534906 0.750000
vt 0.534906 1.000000
vt 0.465094 1.000000
vt 0.604612 0.028648
vt 0.604612 0.009377
vt 0.625000 0.000000
vt 0.625000 0.020833
vt 0.534906 0.500000
vt 0.465094 0.500000
vt 0.534871 0.740623
vt 0.604612 0.740623
vt 0.552962 0.750000
vt 0.535775 0.741871
vt 0.395388 0.721352
vt 0.604612 0.528648
vt 0.604612 0.509377
vt 0.625000 0.520833
vt 0.464225 0.741871
vt 0.447037 0.750000
vt 0.534871 0.509377
vt 0.465129 0.509377
vt 0.464225 0.508129
vt 0.535775 0.508129
vt 0.395388 0.509377
vt 0.447038 0.500000
vt 0.552962 0.500000
vt 0.447038 0.250000
vt 0.552962 1.000000
vt 0.465129 0.009377
vt 0.395388 0.009377
vt 0.447038 0.000000
vt 0.464225 0.008129
vt 0.534871 0.009377
vt 0.465094 0.000000
vt 0.534906 0.000000
vt 0.535775 0.008129
vt 0.552962 0.000000
vt 0.534871 0.721352
vt 0.604612 0.721352
vt 0.465129 0.721352
vt 0.395388 0.528648
vt 0.395388 0.528648
vt 0.534871 0.221352
vt 0.604612 0.221352
vt 0.395388 0.221352
vt 0.465129 0.221352
vt 0.395388 0.028648
vt 0.395388 0.028648
vt 0.463468 0.007084
vt 0.541667 0.000000
vt 0.533400 0.250000
vt 0.453386 0.250000
vt 0.546614 0.500000
vt 0.466600 0.500000
vt 0.533400 0.750000
vt 0.453386 0.750000
vt 0.447038 1.000000
vt 0.375000 1.000000
vt 0.395388 0.202082
vt 0.395388 0.202082
vt 0.395388 0.182811
vt 0.395388 0.163541
vt 0.395388 0.163541
vt 0.395388 0.144270
vt 0.395388 0.144270
vt 0.395388 0.125000
vt 0.395388 0.125000
vt 0.395388 0.105730
vt 0.395388 0.105730
vt 0.395388 0.086459
vt 0.395388 0.086459
vt 0.395388 0.067189
vt 0.395388 0.047918
vt 0.395388 0.047918
vt 0.604612 0.028648
vt 0.604612 0.047918
vt 0.604612 0.047918
vt 0.604612 0.067189
vt 0.604612 0.086459
vt 0.604612 0.086459
vt 0.604612 0.105730
vt 0.604612 0.105730
vt 0.604612 0.125000
vt 0.604612 0.125000
vt 0.604612 0.144270
vt 0.604612 0.163541
vt 0.604612 0.182811
vt 0.604612 0.182811
vt 0.604612 0.202082
vt 0.604612 0.202082
vt 0.534871 0.028648
vt 0.465130 0.028648
vt 0.534871 0.047918
vt 0.465129 0.047918
vt 0.534871 0.067189
vt 0.465129 0.067189
vt 0.534871 0.086459
vt 0.465129 0.086459
vt 0.534871 0.105730
vt 0.465129 0.105730
vt 0.534871 0.125000
vt 0.465129 0.125000
vt 0.534871 0.144270
vt 0.465129 0.144270
vt 0.534870 0.163541
vt 0.465129 0.163541
vt 0.534871 0.182811
vt 0.465129 0.182811
vt 0.534870 0.202082
vt 0.465129 0.202082
vt 0.604612 0.528648
vt 0.604612 0.547918
vt 0.604612 0.547918
vt 0.604612 0.567189
vt 0.604612 0.567189
vt 0.604612 0.586459
vt 0.604612 0.605730
vt 0.604612 0.625000
vt 0.604612 0.625000
vt 0.604612 0.644270
vt 0.604612 0.644270
vt 0.604612 0.663541
vt 0.604612 0.663541
vt 0.604612 0.682811
vt 0.604612 0.682811
vt 0.604612 0.702082
vt 0.604612 0.702082
vt 0.395388 0.702082
vt 0.395388 0.702082
vt 0.395388 0.682811
vt 0.395388 0.663541
vt 0.395388 0.644270
vt 0.395388 0.644270
vt 0.395388 0.625000
vt 0.395388 0.625000
vt 0.395388 0.605730
vt 0.395388 0.605730
vt 0.395388 0.586459
vt 0.395388 0.586459
vt 0.395388 0.567189
vt 0.395388 0.547918
vt 0.534871 0.528648
vt 0.465129 0.528648
vt 0.534871 0.547918
vt 0.465129 0.547918
vt 0.534871 0.567189
vt 0.465129 0.567189
vt 0.534871 0.625000
vt 0.465129 0.625000
vt 0.465129 0.586459
vt 0.534871 0.586459
vt 0.534871 0.605730
vt 0.465129 0.605730
vt 0.465129 0.663541
vt 0.465129 0.644270
vt 0.534871 0.644270
vt 0.534871 0.663541
vt 0.534871 0.682811
vt 0.465129 0.682811
vt 0.465129 0.702082
vt 0.534870 0.702082
vt 0.625000 0.708333
vt 0.625000 0.687500
vt 0.625000 0.645833
vt 0.625000 0.625000
vt 0.625000 0.604167
vt 0.625000 0.562500
vt 0.625000 0.541667
vt 0.375000 0.520833
vt 0.375000 0.541667
vt 0.375000 0.562500
vt 0.375000 0.583333
vt 0.375000 0.604167
vt 0.375000 0.625000
vt 0.375000 0.645833
vt 0.375000 0.666667
vt 0.375000 0.687500
vt 0.375000 0.708333
vt 0.625000 0.229167
vt 0.625000 0.208333
vt 0.625000 0.187500
vt 0.625000 0.145833
vt 0.625000 0.125000
vt 0.625000 0.104167
vt 0.625000 0.062500
vt 0.625000 0.041667
vt 0.375000 0.020833
vt 0.375000 0.041667
vt 0.375000 0.062500
vt 0.375000 0.083333
vt 0.375000 0.104167
vt 0.375000 0.125000
vt 0.375000 0.145833
vt 0.375000 0.166667
vt 0.375000 0.187500
vt 0.375000 0.208333
vt 0.875000 0.520833
vt 0.875000 0.541667
vt 0.875000 0.562500
vt 0.875000 0.583333
vt 0.875000 0.604167
vt 0.875000 0.625000
vt 0.875000 0.645833
vt 0.875000 0.666667
vt 0.875000 0.687500
vt 0.875000 0.708333
vt 0.125000 0.500000
vt 0.125000 0.520833
vt 0.125000 0.541667
vt 0.125000 0.562500
vt 0.125000 0.583333
vt 0.125000 0.604167
vt 0.125000 0.625000
vt 0.125000 0.645833
vt 0.125000 0.666667
vt 0.125000 0.687500
vt 0.125000 0.708333
vt 0.541667 0.166667
vt 0.541667 0.250000
vt 0.541667 0.500000
vt 0.541667 0.666667
vt 0.541667 0.750000
vt 0.541667 1.000000
vt 0.541667 0.583333
vt 0.541667 0.638889
vt 0.541667 0.083333
vt 0.541667 0.138889
vt 0.458333 0.138889
vt 0.458333 0.166667
vt 0.375000 0.166667
vt 0.458333 0.000000
vt 0.458333 0.083333
vt 0.375000 0.083333
vt 0.513889 0.000000
vt 0.513889 0.083333
vt 0.458333 0.638889
vt 0.458333 0.666667
vt 0.513889 0.638889
vt 0.513889 0.666667
vt 0.458333 0.500000
vt 0.458333 0.583333
vt 0.513889 0.500000
vt 0.513889 0.583333
vt 0.458333 0.750000
vt 0.458333 1.000000
vt 0.513889 0.750000
vt 0.513889 1.000000
vt 0.458333 0.250000
vt 0.513889 0.250000
vt 0.513889 0.166667
vt 0.486111 0.166667
vt 0.486111 0.250000
vt 0.486111 0.500000
vt 0.486111 0.666667
vt 0.486111 0.750000
vt 0.486111 1.000000
vt 0.486111 0.583333
vt 0.486111 0.638889
vt 0.486111 0.000000
vt 0.486111 0.083333
vt 0.541667 0.111111
vt 0.458333 0.111111
vt 0.513889 0.611111
vt 0.486111 0.611111
vt 0.458333 0.611111
vt 0.541667 0.611111
vt 0.625000 0.111111
vt 0.125000 0.611111
vt 0.534390 0.114125
vt 0.534390 0.135875
vt 0.510875 0.090610
vt 0.489125 0.159390
vt 0.465610 0.135875
vt 0.489125 0.090610
vt 0.465610 0.114125
vt 0.510875 0.159390
vt 0.518170 0.106830
vt 0.518170 0.143170
vt 0.490392 0.115392
vt 0.509608 0.115392
vt 0.509608 0.134608
vt 0.490392 0.134608
vt 0.481830 0.106830
vt 0.481830 0.143170
vt 0.375000 0.125000
vt 0.375000 0.687500
vt 0.603395 0.760442
vt 0.603395 0.989558
vt 0.875000 0.687500
vt 0.875000 0.625000
vt 0.625000 0.625000
vt 0.375000 0.625000
vt 0.396605 0.989558
vt 0.396605 0.760442
vt 0.375000 0.458568
vt 0.375000 0.494219
vt 0.375000 0.755781
vt 0.375000 0.416667
vt 0.375000 0.422917
vt 0.375000 0.791432
vt 0.375000 0.827083
vt 0.375000 0.833333
vt 0.375000 0.916667
vt 0.375000 0.958333
vt 0.375000 0.333333
vt 0.375000 0.291667
vt 0.125000 0.636340
vt 0.125000 0.637354
vt 0.125000 0.631843
vt 0.125000 0.632817
vt 0.125000 0.631241
vt 0.125000 0.638369
vt 0.125000 0.633790
s 0
usemtl Metal
f 23/1/1 9/2/1 111/1/1
f 36/3/1 35/4/1 104/4/1 102/3/1
f 2269/7/3 2268/8/3 2/9/3 9/10/3
f 2276/15/2 15/16/2 2/17/2 2268/18/2
f 2272/39/2 4/40/2 16/41/2 2275/42/2
f 244/49/1 49/50/1 17/12/1 242/11/1
f 98/51/2 8/51/2 117/51/2 121/51/2
f 120/35/1 118/25/1 134/25/1 136/35/1
f 2/17/2 15/16/2 109/16/2
f 56/34/1 86/52/1 116/52/1 112/34/1
f 189/71/2 28/72/2 38/73/2 192/74/2
f 28/72/2 27/75/2 37/76/2 38/73/2
f 193/68/2 40/67/2 31/86/2 195/87/2
f 40/67/2 39/70/2 32/88/2 31/86/2
f 196/90/3 195/91/3 31/92/3 33/81/3
f 33/81/3 31/92/3 32/93/3 34/82/3
f 371/94/2 372/95/2 110/95/2 114/94/2
f 2272/39/2 27/75/2 103/75/2 2287/39/2
f 256/98/14 257/99/14 64/69/14 62/66/14
f 57/105/6 59/104/6 71/104/6 69/105/6
f 2277/106/6 57/105/6 69/105/6 2281/106/6
f 269/107/1 55/108/1 115/108/1 272/109/1
f 100/29/1 10/29/1 107/29/1
f 20/110/2 6/111/2 123/110/2
f 122/25/15 121/51/15 133/51/15 134/25/15
f 241/48/1 18/47/1 50/112/1 243/113/1
f 243/113/6 50/112/6 68/112/6 245/114/6
f 2294/116/2 267/117/2 47/44/2 2280/43/2
f 260/124/5 72/57/5 388/57/5 387/124/5
f 2293/125/20 259/126/20 70/54/20 2282/127/20
f 278/128/21 270/129/21 67/50/21 246/130/21
f 202/131/3 60/57/3 72/57/3 204/131/3
f 2278/53/3 46/132/3 66/132/3 2282/127/3
f 268/129/5 49/50/5 67/50/5 270/129/5
f 60/57/3 58/54/3 70/54/3 72/57/3
f 81/133/7 45/134/7 65/134/7 89/133/7
f 287/144/7 81/133/7 89/133/7 292/144/7
f 50/112/5 83/145/5 90/146/5 68/112/5
f 245/114/21 68/112/21 90/146/21 248/147/21
f 2281/106/20 69/105/20 91/148/20 2285/149/20
f 159/150/5 160/151/5 398/151/5 397/150/5
f 2297/156/2 48/157/2 82/158/2 2298/159/2
f 117/51/2 119/5/2 135/5/2 133/51/2
f 199/160/1 61/160/1 87/161/1 208/161/1
f 374/162/2 373/163/2 376/164/2 375/165/2
f 275/166/25 262/167/25 96/66/25 209/65/25
f 2154/168/26 2144/169/26 94/169/26 230/170/26
f 233/24/6 232/175/6 98/51/6 101/25/6
f 2288/78/6 2287/176/6 103/177/6 104/4/6
f 104/4/6 103/177/6 97/178/6 102/3/6
f 191/179/1 36/3/1 102/3/1 212/179/1
f 221/180/2 8/51/2 98/51/2 232/181/2
f 27/75/2 28/72/2 97/72/2 103/75/2
f 21/35/2 11/25/2 118/25/2 120/35/2
f 2274/78/1 10/29/1 100/29/1 2288/78/1
f 108/28/7 105/182/7 106/183/7 107/29/7
f 99/183/27 100/29/27 107/29/27 106/183/27
f 124/22/28 123/110/28 6/111/28 12/20/28
f 116/52/7 114/187/7 110/184/7 112/34/7
f 284/153/7 283/188/7 114/187/7 116/52/7
f 4/40/2 99/40/2 106/40/2
f 279/189/2 371/94/2 114/94/2 283/190/2
f 16/41/2 4/40/2 106/40/2 105/41/2
f 10/29/1 24/28/1 108/28/1 107/29/1
f 121/51/2 117/51/2 133/51/2
f 8/51/2 19/5/2 119/5/2 117/51/2
f 19/5/2 21/35/2 120/35/2 119/5/2
f 11/25/2 101/25/2 122/25/2 118/25/2
f 101/25/2 98/51/2 121/51/2 122/25/2
f 264/191/5 263/192/5 125/169/5 126/38/5
f 131/118/5 129/6/5 130/102/5 132/154/5
f 134/25/5 133/51/5 135/5/5 136/35/5
f 119/5/3 120/35/3 136/35/3 135/5/3
f 254/192/29 52/169/29 125/169/29 263/192/29
f 12/20/1 22/22/1 124/22/1
f 21/35/6 19/5/6 127/5/6 128/35/6
f 51/6/2 84/102/2 130/102/2 129/6/2
f 118/25/1 122/25/1 134/25/1
f 289/193/1 85/154/1 132/154/1 298/194/1
f 85/154/1 53/118/1 131/118/1 132/154/1
f 148/203/2 147/204/2 311/204/2 312/203/2
f 185/204/3 183/204/3 313/204/3 309/204/3
f 2221/206/2 181/201/2 354/201/2 2223/206/2
f 2222/206/2 274/207/2 356/207/2 2224/206/2
f 2205/208/1 150/209/1 180/209/1 2214/210/1
f 150/209/1 149/211/1 179/211/1 180/209/1
f 2160/212/2 147/204/2 177/204/2 2169/212/2
f 147/204/2 148/203/2 178/203/2 177/204/2
f 2170/213/5 2169/212/5 177/204/5 179/211/5
f 179/211/5 177/204/5 178/203/5 180/209/5
f 2195/214/2 161/215/2 173/215/2 2199/214/2
f 161/215/2 162/216/2 174/216/2 173/215/2
f 2200/217/7 2199/218/7 173/219/7 175/220/7
f 175/220/7 173/219/7 174/221/7 176/222/7
f 2174/224/33 2168/199/33 171/200/33 217/225/33
f 217/225/34 171/200/34 172/201/34 218/226/34
f 2203/231/7 146/232/7 156/232/7 2208/233/7
f 146/232/7 145/234/7 155/234/7 156/232/7
f 2178/235/5 164/236/5 168/236/5 2180/237/5
f 164/236/5 163/238/5 167/238/5 168/236/5
f 2176/239/21 2180/237/21 168/236/21 251/240/21
f 251/240/21 168/236/21 167/238/21 252/241/21
f 2300/242/20 2165/243/20 157/244/20 2289/245/20
f 2289/245/20 157/244/20 158/246/20 2290/247/20
f 2209/248/5 158/246/5 395/246/5 2227/249/5
f 70/54/7 259/126/7 385/126/7 386/54/7
f 2299/254/2 2177/255/2 162/216/2 2291/256/2
f 2291/256/2 162/216/2 161/215/2 2292/257/2
f 2179/258/1 166/222/1 176/222/1 2182/259/1
f 166/222/1 165/220/1 175/220/1 176/222/1
f 2162/199/2 2163/262/2 153/263/2 151/200/2
f 151/200/2 153/263/2 154/264/2 152/201/2
f 159/150/21 219/265/21 220/266/21 160/151/21
f 2166/267/21 2173/268/21 219/265/21 159/150/21
f 2335/269/2 217/225/2 218/226/2 2336/270/2
f 2354/271/35 2174/224/35 217/225/35 2335/269/35
f 28/72/2 189/71/2 211/71/2 97/72/2
f 2322/275/1 191/179/1 212/179/1 2332/275/1
f 102/3/6 97/178/6 211/276/6 212/179/6
f 2145/66/36 2152/277/36 209/65/36 96/66/36
f 2338/278/37 275/166/37 209/65/37 2329/279/37
f 2349/280/2 199/160/2 208/161/2 2350/281/2
f 71/104/21 203/282/21 207/283/21 92/284/21
f 2311/290/3 202/131/3 204/131/3 2313/291/3
f 260/124/21 276/292/21 204/131/21 72/57/21
f 59/104/6 201/282/6 203/282/6 71/104/6
f 41/64/1 197/293/1 201/282/1 59/104/1
f 2307/285/3 2306/296/3 195/91/3 196/90/3
f 2324/297/2 193/68/2 195/87/2 2306/298/2
f 2320/299/2 189/71/2 192/74/2 2323/294/2
f 8/51/2 221/180/2 224/304/2 19/5/2
f 20/110/2 225/303/2 239/305/2 6/111/2
f 12/20/3 6/111/3 239/306/3 240/307/3
f 49/50/3 244/49/3 246/130/3 67/50/3
f 51/6/2 379/308/2 380/310/2 84/102/2
f 261/311/39 277/312/39 230/170/39 94/169/39
f 11/25/1 223/24/1 233/24/1 101/25/1
f 2167/313/40 2175/314/40 236/315/40 169/204/40
f 169/204/41 236/315/41 237/316/41 170/203/41
f 2318/317/42 251/240/42 252/241/42 2319/318/42
f 2353/319/42 2176/239/42 251/240/42 2318/317/42
f 2320/299/2 221/180/2 232/181/2 2331/323/2
f 2332/275/6 2331/324/6 232/175/6 233/24/6
f 2351/279/43 2154/168/43 230/170/43 2329/279/43
f 2312/325/42 245/114/42 248/147/42 2315/326/42
f 2337/328/42 278/128/42 246/130/42 2313/291/42
f 2310/329/6 243/113/6 245/114/6 2312/325/6
f 2356/334/42 2220/335/42 278/128/42 2337/328/42
f 2211/261/41 2219/336/41 277/312/41 261/311/41
f 2210/337/21 2218/338/21 276/292/21 260/124/21
f 2355/339/2 2217/340/2 275/166/2 2338/278/2
f 46/341/7 253/342/7 258/342/7 66/341/7
f 115/108/7 113/186/7 271/344/7 272/109/7
f 47/44/2 267/117/2 271/117/2 113/44/2
f 54/38/1 255/121/1 264/191/1 126/38/1
f 2185/347/2 285/348/2 357/348/2 2187/347/2
f 2204/202/2 254/192/2 263/192/2 2213/202/2
f 2214/210/5 2213/202/5 263/192/5 264/191/5
f 2217/340/34 2212/350/34 262/167/34 275/166/34
f 2196/351/5 268/129/5 270/129/5 2198/351/5
f 2220/335/21 2198/351/21 270/129/21 278/128/21
f 2302/352/20 2209/248/20 259/126/20 2293/125/20
f 2166/267/5 159/150/5 397/150/5 2192/267/5
f 2301/354/2 2195/214/2 267/117/2 2294/116/2
f 2197/228/1 269/107/1 272/109/1 2200/217/1
f 2206/345/2 2207/355/2 257/99/2 256/98/2
f 2315/326/42 248/147/42 304/356/42 2339/357/42
f 93/102/45 231/310/45 303/358/45 295/103/45
f 2330/273/2 210/174/2 302/359/2 2340/360/2
f 92/284/21 207/283/21 301/361/21 294/362/21
f 383/173/2 384/363/2 291/364/2 290/365/2
f 86/52/1 281/153/1 284/153/1 116/52/1
f 2286/366/2 371/94/2 279/189/2 2295/367/2
f 158/246/7 157/244/7 394/244/7 395/246/7
f 2285/149/20 91/148/20 293/369/20 2296/370/20
f 248/147/21 90/146/21 282/371/21 304/356/21
f 83/145/5 280/372/5 282/371/5 90/146/5
f 210/174/46 95/173/46 296/365/46 302/359/46
f 132/154/5 130/102/5 297/101/5 298/194/5
f 84/102/2 288/101/2 297/101/2 130/102/2
f 2161/251/1 289/193/1 298/194/1 2170/213/1
f 2177/255/2 279/189/2 283/190/2 2181/255/2
f 2182/259/7 2181/375/7 283/188/7 284/153/7
f 2159/377/7 287/144/7 292/144/7 2164/378/7
f 147/204/3 185/204/3 309/204/3 311/204/3
f 183/204/1 184/203/1 314/203/1 313/204/1
f 184/203/6 186/203/6 310/203/6 314/203/6
f 186/203/6 148/203/6 312/203/6 310/203/6
f 320/380/5 319/381/5 323/383/5 324/382/5
f 318/384/2 317/385/2 327/385/2 328/384/2
f 317/385/5 318/384/5 324/382/5 323/383/5
f 322/386/5 321/385/5 325/383/5 326/382/5
f 318/384/5 322/386/5 326/382/5 324/382/5
f 321/385/5 317/385/5 323/383/5 325/383/5
f 317/385/3 321/385/3 329/385/3 327/385/3
f 321/385/1 322/386/1 330/386/1 329/385/1
f 322/386/6 318/384/6 328/384/6 330/386/6
f 2186/347/2 188/200/2 351/200/2 2188/347/2
f 188/200/2 187/201/2 353/201/2 351/200/2
f 274/207/2 273/387/2 355/387/2 356/207/2
f 181/201/2 182/200/2 352/200/2 354/201/2
f 285/348/2 286/396/2 358/396/2 357/348/2
f 9/10/49 2/9/49 109/185/49 111/1/49
f 82/158/50 48/157/50 372/95/50 371/94/50
f 2297/156/51 63/401/51 381/96/51 2279/115/51
f 87/161/50 61/160/50 382/97/50 383/173/50
f 63/401/52 88/402/52 384/363/52 381/96/52
f 2298/159/53 82/158/53 371/94/53 2286/366/53
f 61/160/51 199/160/51 377/100/51 382/97/51
f 208/161/53 87/161/53 383/173/53 378/198/53
f 2349/280/51 226/403/51 379/308/51 2325/295/51
f 2350/281/53 208/161/53 378/198/53 2328/272/53
f 226/403/52 229/404/52 380/310/52 379/308/52
f 373/163/51 374/162/51 382/97/51 381/96/51
f 374/162/52 375/165/52 383/173/52 382/97/52
f 376/164/50 373/163/50 381/96/50 384/363/50
f 375/165/53 376/164/53 384/363/53 383/173/53
f 385/126/1 387/124/1 388/57/1 386/54/1
f 390/105/1 389/104/1 392/284/1 391/148/1
f 2191/405/1 2192/267/1 397/150/1 394/244/1
f 394/244/1 397/150/1 398/151/1 395/246/1
f 2227/249/1 2228/406/1 387/124/1 385/126/1
f 391/148/1 392/284/1 396/362/1 393/369/1
f 293/369/7 91/148/7 391/148/7 393/369/7
f 2210/337/5 260/124/5 387/124/5 2228/406/5
f 92/284/5 294/362/5 396/362/5 392/284/5
f 69/105/54 71/104/54 389/104/54 390/105/54
f 72/57/55 70/54/55 386/54/55 388/57/55
f 91/148/7 69/105/7 390/105/7 391/148/7
f 71/104/5 92/284/5 392/284/5 389/104/5
f 2165/243/7 293/369/7 393/369/7 2191/405/7
f 418/407/7 417/409/7 447/410/7 446/411/7 448/412/7 450/413/7
f 422/414/57 403/415/57 425/415/57 428/414/57
f 417/409/7 402/416/7 410/183/7 445/417/7 447/410/7
f 507/423/7 401/408/7 407/424/7 463/425/7
f 518/430/7 400/431/7 409/432/7 474/433/7
f 421/436/5 404/437/5 414/111/5 457/438/5 459/439/5
f 529/440/5 403/415/5 413/13/5 485/419/5
f 540/441/5 406/442/5 411/51/5 496/443/5
f 422/414/5 421/436/5 459/439/5 458/427/5 460/426/5 462/444/5
f 403/415/5 422/414/5 462/444/5 461/445/5 413/13/5
f 419/446/5 420/447/5 456/448/5 455/435/5 451/434/5 453/449/5
f 420/447/5 405/450/5 412/46/5 454/451/5 456/448/5
f 406/442/5 419/446/5 453/449/5 452/452/5 411/51/5
f 415/455/7 399/456/7 408/142/7 439/457/7 441/458/7
f 416/459/7 415/455/7 441/458/7 440/460/7 442/461/7 444/462/7
f 400/431/7 416/459/7 444/462/7 443/463/7 409/432/7
f 420/447/3 419/446/3 429/446/3 423/447/3
f 421/436/6 422/414/6 428/414/6 430/436/6
f 401/408/7 418/407/7 450/413/7 449/453/7 407/424/7
f 539/467/2 405/450/2 424/450/2 561/468/2
f 404/437/63 421/436/63 430/436/63 427/437/63
f 419/446/64 406/442/64 426/442/64 429/446/64
f 550/465/1 404/437/1 427/437/1 572/465/1
f 405/450/56 420/447/56 423/447/56 424/450/56
f 595/471/7 627/472/7 436/407/7 431/408/7
f 439/457/7 440/475/7 441/458/7
f 442/461/7 443/476/7 444/462/7
f 445/417/7 446/477/7 447/410/7
f 448/412/7 449/478/7 450/413/7
f 451/434/5 452/479/5 453/449/5
f 454/451/5 455/480/5 456/448/5
f 457/438/5 458/481/5 459/439/5
f 460/426/5 461/482/5 462/444/5
f 406/442/1 540/441/1 562/537/1 426/442/1
f 540/441/1 541/538/1 563/539/1 562/537/1
f 541/538/1 542/540/1 564/541/1 563/539/1
f 542/540/1 543/542/1 565/542/1 564/541/1
f 543/542/1 544/543/1 566/543/1 565/542/1
f 544/543/1 545/544/1 567/545/1 566/543/1
f 545/544/1 546/546/1 568/547/1 567/545/1
f 546/546/1 547/548/1 569/549/1 568/547/1
f 547/548/1 548/550/1 570/551/1 569/549/1
f 548/550/1 549/552/1 571/553/1 570/551/1
f 549/552/1 550/465/1 572/465/1 571/553/1
f 403/415/2 529/440/2 551/440/2 425/415/2
f 529/440/2 530/554/2 552/555/2 551/440/2
f 530/554/2 531/556/2 553/556/2 552/555/2
f 531/556/2 532/557/2 554/557/2 553/556/2
f 532/557/2 533/558/2 555/559/2 554/557/2
f 533/558/2 534/560/2 556/561/2 555/559/2
f 534/560/2 535/562/2 557/563/2 556/561/2
f 535/562/2 536/564/2 558/565/2 557/563/2
f 536/564/2 537/566/2 559/566/2 558/565/2
f 537/566/2 538/567/2 560/567/2 559/566/2
f 538/567/2 539/467/2 561/468/2 560/567/2
f 404/437/5 550/465/5 506/421/5 414/111/5
f 550/465/5 549/552/5 505/588/5 506/421/5
f 549/552/5 548/550/5 504/589/5 505/588/5
f 548/550/5 547/548/5 503/110/5 504/589/5
f 547/548/5 546/546/5 502/590/5 503/110/5
f 546/546/5 545/544/5 501/591/5 502/590/5
f 545/544/5 544/543/5 500/592/5 501/591/5
f 544/543/5 543/542/5 499/5/5 500/592/5
f 543/542/5 542/540/5 498/593/5 499/5/5
f 542/540/5 541/538/5 497/594/5 498/593/5
f 541/538/5 540/441/5 496/443/5 497/594/5
f 405/450/5 539/467/5 495/595/5 412/46/5
f 539/467/5 538/567/5 494/596/5 495/595/5
f 538/567/5 537/566/5 493/597/5 494/596/5
f 537/566/5 536/564/5 492/598/5 493/597/5
f 536/564/5 535/562/5 491/599/5 492/598/5
f 535/562/5 534/560/5 490/600/5 491/599/5
f 534/560/5 533/558/5 489/601/5 490/600/5
f 533/558/5 532/557/5 488/602/5 489/601/5
f 532/557/5 531/556/5 487/603/5 488/602/5
f 531/556/5 530/554/5 486/604/5 487/603/5
f 530/554/5 529/440/5 485/419/5 486/604/5
f 402/416/7 528/470/7 484/605/7 410/183/7
f 528/470/7 527/515/7 483/606/7 484/605/7
f 527/515/7 526/513/7 482/607/7 483/606/7
f 526/513/7 525/512/7 481/182/7 482/607/7
f 525/512/7 524/511/7 480/608/7 481/182/7
f 524/511/7 523/509/7 479/609/7 480/608/7
f 523/509/7 522/507/7 478/610/7 479/609/7
f 522/507/7 521/505/7 477/185/7 478/610/7
f 521/505/7 520/504/7 476/611/7 477/185/7
f 520/504/7 519/502/7 475/612/7 476/611/7
f 519/502/7 518/430/7 474/433/7 475/612/7
f 399/456/7 517/473/7 473/613/7 408/142/7
f 517/473/7 516/499/7 472/614/7 473/613/7
f 516/499/7 515/498/7 471/615/7 472/614/7
f 515/498/7 514/496/7 470/616/7 471/615/7
f 514/496/7 513/494/7 469/617/7 470/616/7
f 513/494/7 512/492/7 468/618/7 469/617/7
f 512/492/7 511/490/7 467/619/7 468/618/7
f 511/490/7 510/488/7 466/620/7 467/619/7
f 510/488/7 509/487/7 465/621/7 466/620/7
f 509/487/7 508/485/7 464/622/7 465/621/7
f 508/485/7 507/423/7 463/425/7 464/622/7
f 669/644/72 650/182/72 642/183/72 657/645/72
f 657/645/73 642/183/73 646/51/73 659/646/73
f 665/647/74 654/110/74 644/111/74 661/648/74
f 661/648/75 644/111/75 640/9/75 656/649/75
f 648/641/76 651/12/76 643/13/76 639/420/76
f 654/110/77 649/16/77 640/17/77 644/111/77
f 646/51/78 642/40/78 650/41/78 653/5/78
f 694/169/2 689/44/2 649/16/2 654/110/2
f 641/633/79 645/46/79 652/47/79 647/637/79
f 688/132/1 691/50/1 651/12/1 648/641/1
f 659/646/80 646/51/80 653/5/80 663/650/80
f 702/651/5 694/169/5 654/110/5 665/647/5
f 656/476/81 640/432/81 649/185/81 667/652/81
f 698/653/82 690/184/82 650/182/82 669/644/82
f 687/134/83 696/654/83 670/655/83 647/656/83
f 639/142/84 655/657/84 668/658/84 648/659/84
f 672/660/85 656/476/85 667/652/85 683/661/85
f 691/50/5 700/662/5 666/663/5 651/12/5
f 706/664/5 702/651/5 665/647/5 681/665/5
f 645/46/86 660/666/86 664/667/86 652/47/86
f 675/668/5 659/646/5 663/650/5 679/669/5
f 643/13/87 662/670/87 655/671/87 639/484/87
f 677/672/3 661/648/3 656/649/3 672/673/3
f 651/12/88 666/663/88 662/670/88 643/13/88
f 681/665/5 665/647/5 661/648/5 677/672/5
f 641/424/89 658/674/89 660/666/89 645/46/89
f 673/675/6 657/645/6 659/646/6 675/668/6
f 647/656/90 670/655/90 658/674/90 641/424/90
f 685/676/91 669/644/91 657/645/91 673/675/91
f 670/655/91 686/677/91 674/678/91 658/674/91
f 686/677/91 685/676/91 673/675/91 674/678/91
f 658/674/6 674/678/6 676/679/6 660/666/6
f 674/678/6 673/675/6 675/668/6 676/679/6
f 666/663/5 682/680/5 678/681/5 662/670/5
f 682/680/5 681/665/5 677/672/5 678/681/5
f 662/670/3 678/681/3 671/682/3 655/671/3
f 678/681/3 677/672/3 672/673/3 671/682/3
f 660/666/5 676/679/5 680/683/5 664/667/5
f 676/679/5 675/668/5 679/669/5 680/683/5
f 700/662/5 704/684/5 682/680/5 666/663/5
f 704/684/5 706/664/5 681/665/5 682/680/5
f 655/657/85 671/685/85 684/686/85 668/658/85
f 671/685/85 672/660/85 683/661/85 684/686/85
f 684/686/6 683/661/6 715/661/6 716/686/6
f 685/676/3 686/677/3 718/677/3 717/676/3
f 683/661/92 697/687/92 721/687/92 715/661/92
f 686/677/93 696/654/93 720/654/93 718/677/93
f 668/658/7 684/686/7 695/688/7
f 696/654/2 695/688/2 719/688/2 720/654/2
f 680/683/5 679/669/5 705/689/5 703/690/5
f 703/690/5 705/689/5 706/664/5 704/684/5
f 664/667/5 680/683/5 703/690/5 699/691/5
f 699/691/5 703/690/5 704/684/5 700/662/5
f 679/669/5 663/650/5 701/692/5 705/689/5
f 705/689/5 701/692/5 702/651/5 706/664/5
f 652/47/5 664/667/5 699/691/5 692/112/5
f 692/112/5 699/691/5 700/662/5 691/50/5
f 697/687/1 698/653/1 722/653/1 721/687/1
f 698/653/94 685/676/94 717/676/94 722/653/94
f 648/659/83 668/658/83 695/688/83 688/341/83
f 688/341/83 695/688/83 696/654/83 687/134/83
f 667/652/82 649/185/82 689/693/82 697/687/82
f 697/687/82 689/693/82 690/184/82 698/653/82
f 663/650/5 653/5/5 693/6/5 701/692/5
f 701/692/5 693/6/5 694/169/5 702/651/5
f 647/637/1 652/47/1 692/112/1 687/694/1
f 687/694/1 692/112/1 691/50/1 688/132/1
f 653/5/2 650/41/2 690/95/2 693/6/2
f 693/6/2 690/95/2 689/44/2 694/169/2
f 685/676/7 698/653/7 669/644/7
f 697/687/7 683/661/7 667/652/7
f 695/688/95 684/686/95 716/686/95 719/688/95
f 686/677/7 670/655/7 696/654/7
f 712/699/1 711/701/1 727/701/1 728/699/1
f 707/697/7 708/700/7 716/686/7 715/661/7
f 710/698/7 709/702/7 717/676/7 718/677/7
f 711/701/7 712/699/7 720/654/7 719/688/7
f 714/696/7 713/695/7 721/687/7 722/653/7
f 709/702/7 714/696/7 722/653/7 717/676/7
f 713/695/7 707/697/7 715/661/7 721/687/7
f 708/700/7 711/701/7 719/688/7 716/686/7
f 712/699/7 710/698/7 718/677/7 720/654/7
f 769/644/72 750/182/72 742/183/72 757/645/72
f 757/645/73 742/183/73 746/51/73 759/646/73
f 765/647/74 754/110/74 744/111/74 761/648/74
f 761/648/75 744/111/75 740/9/75 756/649/75
f 748/641/76 751/12/76 743/13/76 739/420/76
f 754/110/77 749/16/77 740/17/77 744/111/77
f 746/51/78 742/40/78 750/41/78 753/5/78
f 794/169/2 789/44/2 749/16/2 754/110/2
f 741/633/79 745/46/79 752/47/79 747/637/79
f 788/132/1 791/50/1 751/12/1 748/641/1
f 759/646/80 746/51/80 753/5/80 763/650/80
f 802/651/5 794/169/5 754/110/5 765/647/5
f 756/476/81 740/432/81 749/185/81 767/652/81
f 798/653/82 790/184/82 750/182/82 769/644/82
f 787/134/83 796/654/83 770/655/83 747/656/83
f 739/142/84 755/657/84 768/658/84 748/659/84
f 772/660/85 756/476/85 767/652/85 783/661/85
f 791/50/5 800/662/5 766/663/5 751/12/5
f 806/664/5 802/651/5 765/647/5 781/665/5
f 745/46/86 760/666/86 764/667/86 752/47/86
f 775/668/5 759/646/5 763/650/5 779/669/5
f 743/13/87 762/670/87 755/671/87 739/484/87
f 777/672/3 761/648/3 756/649/3 772/673/3
f 751/12/88 766/663/88 762/670/88 743/13/88
f 781/665/5 765/647/5 761/648/5 777/672/5
f 741/424/89 758/674/89 760/666/89 745/46/89
f 773/675/6 757/645/6 759/646/6 775/668/6
f 747/656/90 770/655/90 758/674/90 741/424/90
f 785/676/91 769/644/91 757/645/91 773/675/91
f 770/655/91 786/677/91 774/678/91 758/674/91
f 786/677/91 785/676/91 773/675/91 774/678/91
f 758/674/6 774/678/6 776/679/6 760/666/6
f 774/678/6 773/675/6 775/668/6 776/679/6
f 766/663/5 782/680/5 778/681/5 762/670/5
f 782/680/5 781/665/5 777/672/5 778/681/5
f 762/670/3 778/681/3 771/682/3 755/671/3
f 778/681/3 777/672/3 772/673/3 771/682/3
f 760/666/5 776/679/5 780/683/5 764/667/5
f 776/679/5 775/668/5 779/669/5 780/683/5
f 800/662/5 804/684/5 782/680/5 766/663/5
f 804/684/5 806/664/5 781/665/5 782/680/5
f 755/657/85 771/685/85 784/686/85 768/658/85
f 771/685/85 772/660/85 783/661/85 784/686/85
f 784/686/6 783/661/6 815/661/6 816/686/6
f 785/676/3 786/677/3 818/677/3 817/676/3
f 783/661/92 797/687/92 821/687/92 815/661/92
f 786/677/93 796/654/93 820/654/93 818/677/93
f 768/658/7 784/686/7 795/688/7
f 796/654/2 795/688/2 819/688/2 820/654/2
f 780/683/5 779/669/5 805/689/5 803/690/5
f 803/690/5 805/689/5 806/664/5 804/684/5
f 764/667/5 780/683/5 803/690/5 799/691/5
f 799/691/5 803/690/5 804/684/5 800/662/5
f 779/669/5 763/650/5 801/692/5 805/689/5
f 805/689/5 801/692/5 802/651/5 806/664/5
f 752/47/5 764/667/5 799/691/5 792/112/5
f 792/112/5 799/691/5 800/662/5 791/50/5
f 797/687/1 798/653/1 822/653/1 821/687/1
f 798/653/94 785/676/94 817/676/94 822/653/94
f 748/659/83 768/658/83 795/688/83 788/341/83
f 788/341/83 795/688/83 796/654/83 787/134/83
f 767/652/82 749/185/82 789/693/82 797/687/82
f 797/687/82 789/693/82 790/184/82 798/653/82
f 763/650/5 753/5/5 793/6/5 801/692/5
f 801/692/5 793/6/5 794/169/5 802/651/5
f 747/637/1 752/47/1 792/112/1 787/694/1
f 787/694/1 792/112/1 791/50/1 788/132/1
f 753/5/2 750/41/2 790/95/2 793/6/2
f 793/6/2 790/95/2 789/44/2 794/169/2
f 785/676/7 798/653/7 769/644/7
f 797/687/7 783/661/7 767/652/7
f 795/688/95 784/686/95 816/686/95 819/688/95
f 786/677/7 770/655/7 796/654/7
f 812/699/1 811/701/1 827/701/1 828/699/1
f 807/697/7 808/700/7 816/686/7 815/661/7
f 810/698/7 809/702/7 817/676/7 818/677/7
f 811/701/7 812/699/7 820/654/7 819/688/7
f 814/696/7 813/695/7 821/687/7 822/653/7
f 809/702/7 814/696/7 822/653/7 817/676/7
f 813/695/7 807/697/7 815/661/7 821/687/7
f 808/700/7 811/701/7 819/688/7 816/686/7
f 812/699/7 810/698/7 818/677/7 820/654/7
f 869/644/72 850/182/72 842/183/72 857/645/72
f 857/645/73 842/183/73 846/51/73 859/646/73
f 865/647/74 854/110/74 844/111/74 861/648/74
f 861/648/75 844/111/75 840/9/75 856/649/75
f 848/641/76 851/12/76 843/13/76 839/420/76
f 854/110/77 849/16/77 840/17/77 844/111/77
f 846/51/78 842/40/78 850/41/78 853/5/78
f 894/169/2 889/44/2 849/16/2 854/110/2
f 841/633/79 845/46/79 852/47/79 847/637/79
f 888/132/1 891/50/1 851/12/1 848/641/1
f 859/646/80 846/51/80 853/5/80 863/650/80
f 902/651/5 894/169/5 854/110/5 865/647/5
f 856/476/81 840/432/81 849/185/81 867/652/81
f 898/653/82 890/184/82 850/182/82 869/644/82
f 887/134/83 896/654/83 870/655/83 847/656/83
f 839/142/84 855/657/84 868/658/84 848/659/84
f 872/660/85 856/476/85 867/652/85 883/661/85
f 891/50/5 900/662/5 866/663/5 851/12/5
f 906/664/5 902/651/5 865/647/5 881/665/5
f 845/46/86 860/666/86 864/667/86 852/47/86
f 875/668/5 859/646/5 863/650/5 879/669/5
f 843/13/87 862/670/87 855/671/87 839/484/87
f 877/672/3 861/648/3 856/649/3 872/673/3
f 851/12/88 866/663/88 862/670/88 843/13/88
f 881/665/5 865/647/5 861/648/5 877/672/5
f 841/424/89 858/674/89 860/666/89 845/46/89
f 873/675/6 857/645/6 859/646/6 875/668/6
f 847/656/90 870/655/90 858/674/90 841/424/90
f 885/676/91 869/644/91 857/645/91 873/675/91
f 870/655/91 886/677/91 874/678/91 858/674/91
f 886/677/91 885/676/91 873/675/91 874/678/91
f 858/674/6 874/678/6 876/679/6 860/666/6
f 874/678/6 873/675/6 875/668/6 876/679/6
f 866/663/5 882/680/5 878/681/5 862/670/5
f 882/680/5 881/665/5 877/672/5 878/681/5
f 862/670/3 878/681/3 871/682/3 855/671/3
f 878/681/3 877/672/3 872/673/3 871/682/3
f 860/666/5 876/679/5 880/683/5 864/667/5
f 876/679/5 875/668/5 879/669/5 880/683/5
f 900/662/5 904/684/5 882/680/5 866/663/5
f 904/684/5 906/664/5 881/665/5 882/680/5
f 855/657/85 871/685/85 884/686/85 868/658/85
f 871/685/85 872/660/85 883/661/85 884/686/85
f 884/686/6 883/661/6 915/661/6 916/686/6
f 885/676/3 886/677/3 918/677/3 917/676/3
f 883/661/92 897/687/92 921/687/92 915/661/92
f 886/677/93 896/654/93 920/654/93 918/677/93
f 868/658/7 884/686/7 895/688/7
f 896/654/2 895/688/2 919/688/2 920/654/2
f 880/683/5 879/669/5 905/689/5 903/690/5
f 903/690/5 905/689/5 906/664/5 904/684/5
f 864/667/5 880/683/5 903/690/5 899/691/5
f 899/691/5 903/690/5 904/684/5 900/662/5
f 879/669/5 863/650/5 901/692/5 905/689/5
f 905/689/5 901/692/5 902/651/5 906/664/5
f 852/47/5 864/667/5 899/691/5 892/112/5
f 892/112/5 899/691/5 900/662/5 891/50/5
f 897/687/1 898/653/1 922/653/1 921/687/1
f 898/653/94 885/676/94 917/676/94 922/653/94
f 848/659/83 868/658/83 895/688/83 888/341/83
f 888/341/83 895/688/83 896/654/83 887/134/83
f 867/652/82 849/185/82 889/693/82 897/687/82
f 897/687/82 889/693/82 890/184/82 898/653/82
f 863/650/5 853/5/5 893/6/5 901/692/5
f 901/692/5 893/6/5 894/169/5 902/651/5
f 847/637/1 852/47/1 892/112/1 887/694/1
f 887/694/1 892/112/1 891/50/1 888/132/1
f 853/5/2 850/41/2 890/95/2 893/6/2
f 893/6/2 890/95/2 889/44/2 894/169/2
f 885/676/7 898/653/7 869/644/7
f 897/687/7 883/661/7 867/652/7
f 895/688/95 884/686/95 916/686/95 919/688/95
f 886/677/7 870/655/7 896/654/7
f 912/699/1 911/701/1 927/701/1 928/699/1
f 907/697/7 908/700/7 916/686/7 915/661/7
f 910/698/7 909/702/7 917/676/7 918/677/7
f 911/701/7 912/699/7 920/654/7 919/688/7
f 914/696/7 913/695/7 921/687/7 922/653/7
f 909/702/7 914/696/7 922/653/7 917/676/7
f 913/695/7 907/697/7 915/661/7 921/687/7
f 908/700/7 911/701/7 919/688/7 916/686/7
f 912/699/7 910/698/7 918/677/7 920/654/7
f 969/644/72 950/182/72 942/183/72 957/645/72
f 957/645/73 942/183/73 946/51/73 959/646/73
f 965/647/74 954/110/74 944/111/74 961/648/74
f 961/648/75 944/111/75 940/9/75 956/649/75
f 948/641/76 951/12/76 943/13/76 939/420/76
f 954/110/77 949/16/77 940/17/77 944/111/77
f 946/51/78 942/40/78 950/41/78 953/5/78
f 994/169/2 989/44/2 949/16/2 954/110/2
f 941/633/79 945/46/79 952/47/79 947/637/79
f 988/132/1 991/50/1 951/12/1 948/641/1
f 959/646/80 946/51/80 953/5/80 963/650/80
f 1002/651/5 994/169/5 954/110/5 965/647/5
f 956/476/81 940/432/81 949/185/81 967/652/81
f 998/653/82 990/184/82 950/182/82 969/644/82
f 987/134/83 996/654/83 970/655/83 947/656/83
f 939/142/84 955/657/84 968/658/84 948/659/84
f 972/660/85 956/476/85 967/652/85 983/661/85
f 991/50/5 1000/662/5 966/663/5 951/12/5
f 1006/664/5 1002/651/5 965/647/5 981/665/5
f 945/46/86 960/666/86 964/667/86 952/47/86
f 975/668/5 959/646/5 963/650/5 979/669/5
f 943/13/87 962/670/87 955/671/87 939/484/87
f 977/672/3 961/648/3 956/649/3 972/673/3
f 951/12/88 966/663/88 962/670/88 943/13/88
f 981/665/5 965/647/5 961/648/5 977/672/5
f 941/424/89 958/674/89 960/666/89 945/46/89
f 973/675/6 957/645/6 959/646/6 975/668/6
f 947/656/90 970/655/90 958/674/90 941/424/90
f 985/676/91 969/644/91 957/645/91 973/675/91
f 970/655/91 986/677/91 974/678/91 958/674/91
f 986/677/91 985/676/91 973/675/91 974/678/91
f 958/674/6 974/678/6 976/679/6 960/666/6
f 974/678/6 973/675/6 975/668/6 976/679/6
f 966/663/5 982/680/5 978/681/5 962/670/5
f 982/680/5 981/665/5 977/672/5 978/681/5
f 962/670/3 978/681/3 971/682/3 955/671/3
f 978/681/3 977/672/3 972/673/3 971/682/3
f 960/666/5 976/679/5 980/683/5 964/667/5
f 976/679/5 975/668/5 979/669/5 980/683/5
f 1000/662/5 1004/684/5 982/680/5 966/663/5
f 1004/684/5 1006/664/5 981/665/5 982/680/5
f 955/657/85 971/685/85 984/686/85 968/658/85
f 971/685/85 972/660/85 983/661/85 984/686/85
f 984/686/6 983/661/6 1015/661/6 1016/686/6
f 985/676/3 986/677/3 1018/677/3 1017/676/3
f 983/661/92 997/687/92 1021/687/92 1015/661/92
f 986/677/93 996/654/93 1020/654/93 1018/677/93
f 968/658/7 984/686/7 995/688/7
f 996/654/2 995/688/2 1019/688/2 1020/654/2
f 980/683/5 979/669/5 1005/689/5 1003/690/5
f 1003/690/5 1005/689/5 1006/664/5 1004/684/5
f 964/667/5 980/683/5 1003/690/5 999/691/5
f 999/691/5 1003/690/5 1004/684/5 1000/662/5
f 979/669/5 963/650/5 1001/692/5 1005/689/5
f 1005/689/5 1001/692/5 1002/651/5 1006/664/5
f 952/47/5 964/667/5 999/691/5 992/112/5
f 992/112/5 999/691/5 1000/662/5 991/50/5
f 997/687/1 998/653/1 1022/653/1 1021/687/1
f 998/653/94 985/676/94 1017/676/94 1022/653/94
f 948/659/83 968/658/83 995/688/83 988/341/83
f 988/341/83 995/688/83 996/654/83 987/134/83
f 967/652/82 949/185/82 989/693/82 997/687/82
f 997/687/82 989/693/82 990/184/82 998/653/82
f 963/650/5 953/5/5 993/6/5 1001/692/5
f 1001/692/5 993/6/5 994/169/5 1002/651/5
f 947/637/1 952/47/1 992/112/1 987/694/1
f 987/694/1 992/112/1 991/50/1 988/132/1
f 953/5/2 950/41/2 990/95/2 993/6/2
f 993/6/2 990/95/2 989/44/2 994/169/2
f 985/676/7 998/653/7 969/644/7
f 997/687/7 983/661/7 967/652/7
f 995/688/95 984/686/95 1016/686/95 1019/688/95
f 986/677/7 970/655/7 996/654/7
f 1012/699/1 1011/701/1 1027/701/1 1028/699/1
f 1007/697/7 1008/700/7 1016/686/7 1015/661/7
f 1010/698/7 1009/702/7 1017/676/7 1018/677/7
f 1011/701/7 1012/699/7 1020/654/7 1019/688/7
f 1014/696/7 1013/695/7 1021/687/7 1022/653/7
f 1009/702/7 1014/696/7 1022/653/7 1017/676/7
f 1013/695/7 1007/697/7 1015/661/7 1021/687/7
f 1008/700/7 1011/701/7 1019/688/7 1016/686/7
f 1012/699/7 1010/698/7 1018/677/7 1020/654/7
f 1069/644/72 1050/182/72 1042/183/72 1057/645/72
f 1057/645/73 1042/183/73 1046/51/73 1059/646/73
f 1065/647/74 1054/110/74 1044/111/74 1061/648/74
f 1061/648/75 1044/111/75 1040/9/75 1056/649/75
f 1048/641/76 1051/12/76 1043/13/76 1039/420/76
f 1054/110/77 1049/16/77 1040/17/77 1044/111/77
f 1046/51/78 1042/40/78 1050/41/78 1053/5/78
f 1094/169/2 1089/44/2 1049/16/2 1054/110/2
f 1041/633/79 1045/46/79 1052/47/79 1047/637/79
f 1088/132/1 1091/50/1 1051/12/1 1048/641/1
f 1059/646/80 1046/51/80 1053/5/80 1063/650/80
f 1102/651/5 1094/169/5 1054/110/5 1065/647/5
f 1056/476/81 1040/432/81 1049/185/81 1067/652/81
f 1098/653/82 1090/184/82 1050/182/82 1069/644/82
f 1087/134/83 1096/654/83 1070/655/83 1047/656/83
f 1039/142/84 1055/657/84 1068/658/84 1048/659/84
f 1072/660/85 1056/476/85 1067/652/85 1083/661/85
f 1091/50/5 1100/662/5 1066/663/5 1051/12/5
f 1106/664/5 1102/651/5 1065/647/5 1081/665/5
f 1045/46/86 1060/666/86 1064/667/86 1052/47/86
f 1075/668/5 1059/646/5 1063/650/5 1079/669/5
f 1043/13/87 1062/670/87 1055/671/87 1039/484/87
f 1077/672/3 1061/648/3 1056/649/3 1072/673/3
f 1051/12/88 1066/663/88 1062/670/88 1043/13/88
f 1081/665/5 1065/647/5 1061/648/5 1077/672/5
f 1041/424/89 1058/674/89 1060/666/89 1045/46/89
f 1073/675/6 1057/645/6 1059/646/6 1075/668/6
f 1047/656/90 1070/655/90 1058/674/90 1041/424/90
f 1085/676/91 1069/644/91 1057/645/91 1073/675/91
f 1070/655/91 1086/677/91 1074/678/91 1058/674/91
f 1086/677/91 1085/676/91 1073/675/91 1074/678/91
f 1058/674/6 1074/678/6 1076/679/6 1060/666/6
f 1074/678/6 1073/675/6 1075/668/6 1076/679/6
f 1066/663/5 1082/680/5 1078/681/5 1062/670/5
f 1082/680/5 1081/665/5 1077/672/5 1078/681/5
f 1062/670/3 1078/681/3 1071/682/3 1055/671/3
f 1078/681/3 1077/672/3 1072/673/3 1071/682/3
f 1060/666/5 1076/679/5 1080/683/5 1064/667/5
f 1076/679/5 1075/668/5 1079/669/5 1080/683/5
f 1100/662/5 1104/684/5 1082/680/5 1066/663/5
f 1104/684/5 1106/664/5 1081/665/5 1082/680/5
f 1055/657/85 1071/685/85 1084/686/85 1068/658/85
f 1071/685/85 1072/660/85 1083/661/85 1084/686/85
f 1084/686/6 1083/661/6 1115/661/6 1116/686/6
f 1085/676/3 1086/677/3 1118/677/3 1117/676/3
f 1083/661/92 1097/687/92 1121/687/92 1115/661/92
f 1086/677/93 1096/654/93 1120/654/93 1118/677/93
f 1068/658/7 1084/686/7 1095/688/7
f 1096/654/2 1095/688/2 1119/688/2 1120/654/2
f 1080/683/5 1079/669/5 1105/689/5 1103/690/5
f 1103/690/5 1105/689/5 1106/664/5 1104/684/5
f 1064/667/5 1080/683/5 1103/690/5 1099/691/5
f 1099/691/5 1103/690/5 1104/684/5 1100/662/5
f 1079/669/5 1063/650/5 1101/692/5 1105/689/5
f 1105/689/5 1101/692/5 1102/651/5 1106/664/5
f 1052/47/5 1064/667/5 1099/691/5 1092/112/5
f 1092/112/5 1099/691/5 1100/662/5 1091/50/5
f 1097/687/1 1098/653/1 1122/653/1 1121/687/1
f 1098/653/94 1085/676/94 1117/676/94 1122/653/94
f 1048/659/83 1068/658/83 1095/688/83 1088/341/83
f 1088/341/83 1095/688/83 1096/654/83 1087/134/83
f 1067/652/82 1049/185/82 1089/693/82 1097/687/82
f 1097/687/82 1089/693/82 1090/184/82 1098/653/82
f 1063/650/5 1053/5/5 1093/6/5 1101/692/5
f 1101/692/5 1093/6/5 1094/169/5 1102/651/5
f 1047/637/1 1052/47/1 1092/112/1 1087/694/1
f 1087/694/1 1092/112/1 1091/50/1 1088/132/1
f 1053/5/2 1050/41/2 1090/95/2 1093/6/2
f 1093/6/2 1090/95/2 1089/44/2 1094/169/2
f 1085/676/7 1098/653/7 1069/644/7
f 1097/687/7 1083/661/7 1067/652/7
f 1095/688/95 1084/686/95 1116/686/95 1119/688/95
f 1086/677/7 1070/655/7 1096/654/7
f 1112/699/1 1111/701/1 1127/701/1 1128/699/1
f 1107/697/7 1108/700/7 1116/686/7 1115/661/7
f 1110/698/7 1109/702/7 1117/676/7 1118/677/7
f 1111/701/7 1112/699/7 1120/654/7 1119/688/7
f 1114/696/7 1113/695/7 1121/687/7 1122/653/7
f 1109/702/7 1114/696/7 1122/653/7 1117/676/7
f 1113/695/7 1107/697/7 1115/661/7 1121/687/7
f 1108/700/7 1111/701/7 1119/688/7 1116/686/7
f 1112/699/7 1110/698/7 1118/677/7 1120/654/7
f 1169/644/72 1150/182/72 1142/183/72 1157/645/72
f 1157/645/73 1142/183/73 1146/51/73 1159/646/73
f 1165/647/74 1154/110/74 1144/111/74 1161/648/74
f 1161/648/75 1144/111/75 1140/9/75 1156/649/75
f 1148/641/76 1151/12/76 1143/13/76 1139/420/76
f 1154/110/77 1149/16/77 1140/17/77 1144/111/77
f 1146/51/78 1142/40/78 1150/41/78 1153/5/78
f 1194/169/2 1189/44/2 1149/16/2 1154/110/2
f 1141/633/79 1145/46/79 1152/47/79 1147/637/79
f 1188/132/1 1191/50/1 1151/12/1 1148/641/1
f 1159/646/80 1146/51/80 1153/5/80 1163/650/80
f 1202/651/5 1194/169/5 1154/110/5 1165/647/5
f 1156/476/81 1140/432/81 1149/185/81 1167/652/81
f 1198/653/82 1190/184/82 1150/182/82 1169/644/82
f 1187/134/83 1196/654/83 1170/655/83 1147/656/83
f 1139/142/84 1155/657/84 1168/658/84 1148/659/84
f 1172/660/85 1156/476/85 1167/652/85 1183/661/85
f 1191/50/5 1200/662/5 1166/663/5 1151/12/5
f 1206/664/5 1202/651/5 1165/647/5 1181/665/5
f 1145/46/86 1160/666/86 1164/667/86 1152/47/86
f 1175/668/5 1159/646/5 1163/650/5 1179/669/5
f 1143/13/87 1162/670/87 1155/671/87 1139/484/87
f 1177/672/3 1161/648/3 1156/649/3 1172/673/3
f 1151/12/88 1166/663/88 1162/670/88 1143/13/88
f 1181/665/5 1165/647/5 1161/648/5 1177/672/5
f 1141/424/89 1158/674/89 1160/666/89 1145/46/89
f 1173/675/6 1157/645/6 1159/646/6 1175/668/6
f 1147/656/90 1170/655/90 1158/674/90 1141/424/90
f 1185/676/91 1169/644/91 1157/645/91 1173/675/91
f 1170/655/91 1186/677/91 1174/678/91 1158/674/91
f 1186/677/91 1185/676/91 1173/675/91 1174/678/91
f 1158/674/6 1174/678/6 1176/679/6 1160/666/6
f 1174/678/6 1173/675/6 1175/668/6 1176/679/6
f 1166/663/5 1182/680/5 1178/681/5 1162/670/5
f 1182/680/5 1181/665/5 1177/672/5 1178/681/5
f 1162/670/3 1178/681/3 1171/682/3 1155/671/3
f 1178/681/3 1177/672/3 1172/673/3 1171/682/3
f 1160/666/5 1176/679/5 1180/683/5 1164/667/5
f 1176/679/5 1175/668/5 1179/669/5 1180/683/5
f 1200/662/5 1204/684/5 1182/680/5 1166/663/5
f 1204/684/5 1206/664/5 1181/665/5 1182/680/5
f 1155/657/85 1171/685/85 1184/686/85 1168/658/85
f 1171/685/85 1172/660/85 1183/661/85 1184/686/85
f 1184/686/6 1183/661/6 1215/661/6 1216/686/6
f 1185/676/3 1186/677/3 1218/677/3 1217/676/3
f 1183/661/92 1197/687/92 1221/687/92 1215/661/92
f 1186/677/93 1196/654/93 1220/654/93 1218/677/93
f 1168/658/7 1184/686/7 1195/688/7
f 1196/654/2 1195/688/2 1219/688/2 1220/654/2
f 1180/683/5 1179/669/5 1205/689/5 1203/690/5
f 1203/690/5 1205/689/5 1206/664/5 1204/684/5
f 1164/667/5 1180/683/5 1203/690/5 1199/691/5
f 1199/691/5 1203/690/5 1204/684/5 1200/662/5
f 1179/669/5 1163/650/5 1201/692/5 1205/689/5
f 1205/689/5 1201/692/5 1202/651/5 1206/664/5
f 1152/47/5 1164/667/5 1199/691/5 1192/112/5
f 1192/112/5 1199/691/5 1200/662/5 1191/50/5
f 1197/687/1 1198/653/1 1222/653/1 1221/687/1
f 1198/653/94 1185/676/94 1217/676/94 1222/653/94
f 1148/659/83 1168/658/83 1195/688/83 1188/341/83
f 1188/341/83 1195/688/83 1196/654/83 1187/134/83
f 1167/652/82 1149/185/82 1189/693/82 1197/687/82
f 1197/687/82 1189/693/82 1190/184/82 1198/653/82
f 1163/650/5 1153/5/5 1193/6/5 1201/692/5
f 1201/692/5 1193/6/5 1194/169/5 1202/651/5
f 1147/637/1 1152/47/1 1192/112/1 1187/694/1
f 1187/694/1 1192/112/1 1191/50/1 1188/132/1
f 1153/5/2 1150/41/2 1190/95/2 1193/6/2
f 1193/6/2 1190/95/2 1189/44/2 1194/169/2
f 1185/676/7 1198/653/7 1169/644/7
f 1197/687/7 1183/661/7 1167/652/7
f 1195/688/95 1184/686/95 1216/686/95 1219/688/95
f 1186/677/7 1170/655/7 1196/654/7
f 1212/699/1 1211/701/1 1227/701/1 1228/699/1
f 1207/697/7 1208/700/7 1216/686/7 1215/661/7
f 1210/698/7 1209/702/7 1217/676/7 1218/677/7
f 1211/701/7 1212/699/7 1220/654/7 1219/688/7
f 1214/696/7 1213/695/7 1221/687/7 1222/653/7
f 1209/702/7 1214/696/7 1222/653/7 1217/676/7
f 1213/695/7 1207/697/7 1215/661/7 1221/687/7
f 1208/700/7 1211/701/7 1219/688/7 1216/686/7
f 1212/699/7 1210/698/7 1218/677/7 1220/654/7
f 1274/407/5 1306/413/5 1304/412/5 1302/411/5 1303/410/5 1273/409/5
f 1278/414/57 1284/414/57 1281/415/57 1259/415/57
f 1273/409/5 1303/410/5 1301/417/5 1266/183/5 1258/416/5
f 1363/423/5 1319/425/5 1263/424/5 1257/408/5
f 1374/430/5 1330/433/5 1265/432/5 1256/431/5
f 1277/436/7 1315/439/7 1313/438/7 1270/111/7 1260/437/7
f 1385/440/7 1341/419/7 1269/13/7 1259/415/7
f 1396/441/7 1352/443/7 1267/51/7 1262/442/7
f 1278/414/7 1318/444/7 1316/426/7 1314/427/7 1315/439/7 1277/436/7
f 1259/415/7 1269/13/7 1317/445/7 1318/444/7 1278/414/7
f 1275/446/7 1309/449/7 1307/434/7 1311/435/7 1312/448/7 1276/447/7
f 1276/447/7 1312/448/7 1310/451/7 1268/46/7 1261/450/7
f 1262/442/7 1267/51/7 1308/452/7 1309/449/7 1275/446/7
f 1271/455/5 1297/458/5 1295/457/5 1264/142/5 1255/456/5
f 1272/459/5 1300/462/5 1298/461/5 1296/460/5 1297/458/5 1271/455/5
f 1256/431/5 1265/432/5 1299/463/5 1300/462/5 1272/459/5
f 1276/447/3 1279/447/3 1285/446/3 1275/446/3
f 1277/436/6 1286/436/6 1284/414/6 1278/414/6
f 1257/408/5 1263/424/5 1305/453/5 1306/413/5 1274/407/5
f 1395/467/2 1417/468/2 1280/450/2 1261/450/2
f 1260/437/63 1283/437/63 1286/436/63 1277/436/63
f 1275/446/64 1285/446/64 1282/442/64 1262/442/64
f 1406/465/1 1428/465/1 1283/437/1 1260/437/1
f 1261/450/56 1280/450/56 1279/447/56 1276/447/56
f 1451/471/5 1287/408/5 1292/407/5 1483/472/5
f 1295/457/5 1297/458/5 1296/475/5
f 1298/461/5 1300/462/5 1299/476/5
f 1301/417/5 1303/410/5 1302/477/5
f 1304/412/5 1306/413/5 1305/478/5
f 1307/434/7 1309/449/7 1308/479/7
f 1310/451/7 1312/448/7 1311/480/7
f 1313/438/7 1315/439/7 1314/481/7
f 1316/426/7 1318/444/7 1317/482/7
f 1262/442/1 1282/442/1 1418/537/1 1396/441/1
f 1396/441/1 1418/537/1 1419/539/1 1397/538/1
f 1397/538/1 1419/539/1 1420/541/1 1398/540/1
f 1398/540/1 1420/541/1 1421/542/1 1399/542/1
f 1399/542/1 1421/542/1 1422/543/1 1400/543/1
f 1400/543/1 1422/543/1 1423/545/1 1401/544/1
f 1401/544/1 1423/545/1 1424/547/1 1402/546/1
f 1402/546/1 1424/547/1 1425/549/1 1403/548/1
f 1403/548/1 1425/549/1 1426/551/1 1404/550/1
f 1404/550/1 1426/551/1 1427/553/1 1405/552/1
f 1405/552/1 1427/553/1 1428/465/1 1406/465/1
f 1259/415/2 1281/415/2 1407/440/2 1385/440/2
f 1385/440/2 1407/440/2 1408/555/2 1386/554/2
f 1386/554/2 1408/555/2 1409/556/2 1387/556/2
f 1387/556/2 1409/556/2 1410/557/2 1388/557/2
f 1388/557/2 1410/557/2 1411/559/2 1389/558/2
f 1389/558/2 1411/559/2 1412/561/2 1390/560/2
f 1390/560/2 1412/561/2 1413/563/2 1391/562/2
f 1391/562/2 1413/563/2 1414/565/2 1392/564/2
f 1392/564/2 1414/565/2 1415/566/2 1393/566/2
f 1393/566/2 1415/566/2 1416/567/2 1394/567/2
f 1394/567/2 1416/567/2 1417/468/2 1395/467/2
f 1260/437/7 1270/111/7 1362/421/7 1406/465/7
f 1406/465/7 1362/421/7 1361/588/7 1405/552/7
f 1405/552/7 1361/588/7 1360/589/7 1404/550/7
f 1404/550/7 1360/589/7 1359/110/7 1403/548/7
f 1403/548/7 1359/110/7 1358/590/7 1402/546/7
f 1402/546/7 1358/590/7 1357/591/7 1401/544/7
f 1401/544/7 1357/591/7 1356/592/7 1400/543/7
f 1400/543/7 1356/592/7 1355/5/7 1399/542/7
f 1399/542/7 1355/5/7 1354/593/7 1398/540/7
f 1398/540/7 1354/593/7 1353/594/7 1397/538/7
f 1397/538/7 1353/594/7 1352/443/7 1396/441/7
f 1261/450/7 1268/46/7 1351/595/7 1395/467/7
f 1395/467/7 1351/595/7 1350/596/7 1394/567/7
f 1394/567/7 1350/596/7 1349/597/7 1393/566/7
f 1393/566/7 1349/597/7 1348/598/7 1392/564/7
f 1392/564/7 1348/598/7 1347/599/7 1391/562/7
f 1391/562/7 1347/599/7 1346/600/7 1390/560/7
f 1390/560/7 1346/600/7 1345/601/7 1389/558/7
f 1389/558/7 1345/601/7 1344/602/7 1388/557/7
f 1388/557/7 1344/602/7 1343/603/7 1387/556/7
f 1387/556/7 1343/603/7 1342/604/7 1386/554/7
f 1386/554/7 1342/604/7 1341/419/7 1385/440/7
f 1258/416/5 1266/183/5 1340/605/5 1384/470/5
f 1384/470/5 1340/605/5 1339/606/5 1383/515/5
f 1383/515/5 1339/606/5 1338/607/5 1382/513/5
f 1382/513/5 1338/607/5 1337/182/5 1381/512/5
f 1381/512/5 1337/182/5 1336/608/5 1380/511/5
f 1380/511/5 1336/608/5 1335/609/5 1379/509/5
f 1379/509/5 1335/609/5 1334/610/5 1378/507/5
f 1378/507/5 1334/610/5 1333/185/5 1377/505/5
f 1377/505/5 1333/185/5 1332/611/5 1376/504/5
f 1376/504/5 1332/611/5 1331/612/5 1375/502/5
f 1375/502/5 1331/612/5 1330/433/5 1374/430/5
f 1255/456/5 1264/142/5 1329/613/5 1373/473/5
f 1373/473/5 1329/613/5 1328/614/5 1372/499/5
f 1372/499/5 1328/614/5 1327/615/5 1371/498/5
f 1371/498/5 1327/615/5 1326/616/5 1370/496/5
f 1370/496/5 1326/616/5 1325/617/5 1369/494/5
f 1369/494/5 1325/617/5 1324/618/5 1368/492/5
f 1368/492/5 1324/618/5 1323/619/5 1367/490/5
f 1367/490/5 1323/619/5 1322/620/5 1366/488/5
f 1366/488/5 1322/620/5 1321/621/5 1365/487/5
f 1365/487/5 1321/621/5 1320/622/5 1364/485/5
f 1364/485/5 1320/622/5 1319/425/5 1363/423/5
f 1525/644/100 1513/645/100 1498/183/100 1506/182/100
f 1513/645/73 1515/646/73 1502/51/73 1498/183/73
f 1521/647/101 1517/648/101 1500/111/101 1510/110/101
f 1517/648/75 1512/649/75 1496/9/75 1500/111/75
f 1504/641/76 1495/420/76 1499/13/76 1507/12/76
f 1510/110/77 1500/111/77 1496/17/77 1505/16/77
f 1502/51/78 1509/5/78 1506/41/78 1498/40/78
f 1550/169/2 1510/110/2 1505/16/2 1545/44/2
f 1497/633/79 1503/637/79 1508/47/79 1501/46/79
f 1544/132/1 1504/641/1 1507/12/1 1547/50/1
f 1515/646/102 1519/650/102 1509/5/102 1502/51/102
f 1558/651/7 1521/647/7 1510/110/7 1550/169/7
f 1512/476/103 1523/652/103 1505/185/103 1496/432/103
f 1554/653/104 1525/644/104 1506/182/104 1546/184/104
f 1543/134/105 1503/656/105 1526/655/105 1552/654/105
f 1495/142/106 1504/659/106 1524/658/106 1511/657/106
f 1528/660/107 1539/661/107 1523/652/107 1512/476/107
f 1547/50/7 1507/12/7 1522/663/7 1556/662/7
f 1562/664/7 1537/665/7 1521/647/7 1558/651/7
f 1501/46/108 1508/47/108 1520/667/108 1516/666/108
f 1531/668/7 1535/669/7 1519/650/7 1515/646/7
f 1499/13/87 1495/484/87 1511/671/87 1518/670/87
f 1533/672/3 1528/673/3 1512/649/3 1517/648/3
f 1507/12/109 1499/13/109 1518/670/109 1522/663/109
f 1537/665/7 1533/672/7 1517/648/7 1521/647/7
f 1497/424/89 1501/46/89 1516/666/89 1514/674/89
f 1529/675/6 1531/668/6 1515/646/6 1513/645/6
f 1503/656/110 1497/424/110 1514/674/110 1526/655/110
f 1541/676/111 1529/675/111 1513/645/111 1525/644/111
f 1526/655/111 1514/674/111 1530/678/111 1542/677/111
f 1542/677/111 1530/678/111 1529/675/111 1541/676/111
f 1514/674/6 1516/666/6 1532/679/6 1530/678/6
f 1530/678/6 1532/679/6 1531/668/6 1529/675/6
f 1522/663/7 1518/670/7 1534/681/7 1538/680/7
f 1538/680/7 1534/681/7 1533/672/7 1537/665/7
f 1518/670/3 1511/671/3 1527/682/3 1534/681/3
f 1534/681/3 1527/682/3 1528/673/3 1533/672/3
f 1516/666/7 1520/667/7 1536/683/7 1532/679/7
f 1532/679/7 1536/683/7 1535/669/7 1531/668/7
f 1556/662/7 1522/663/7 1538/680/7 1560/684/7
f 1560/684/7 1538/680/7 1537/665/7 1562/664/7
f 1511/657/107 1524/658/107 1540/686/107 1527/685/107
f 1527/685/107 1540/686/107 1539/661/107 1528/660/107
f 1540/686/6 1572/686/6 1571/661/6 1539/661/6
f 1541/676/3 1573/676/3 1574/677/3 1542/677/3
f 1539/661/92 1571/661/92 1577/687/92 1553/687/92
f 1542/677/93 1574/677/93 1576/654/93 1552/654/93
f 1524/658/5 1551/688/5 1540/686/5
f 1552/654/2 1576/654/2 1575/688/2 1551/688/2
f 1536/683/7 1559/690/7 1561/689/7 1535/669/7
f 1559/690/7 1560/684/7 1562/664/7 1561/689/7
f 1520/667/7 1555/691/7 1559/690/7 1536/683/7
f 1555/691/7 1556/662/7 1560/684/7 1559/690/7
f 1535/669/7 1561/689/7 1557/692/7 1519/650/7
f 1561/689/7 1562/664/7 1558/651/7 1557/692/7
f 1508/47/7 1548/112/7 1555/691/7 1520/667/7
f 1548/112/7 1547/50/7 1556/662/7 1555/691/7
f 1553/687/1 1577/687/1 1578/653/1 1554/653/1
f 1554/653/94 1578/653/94 1573/676/94 1541/676/94
f 1504/659/105 1544/341/105 1551/688/105 1524/658/105
f 1544/341/105 1543/134/105 1552/654/105 1551/688/105
f 1523/652/104 1553/687/104 1545/693/104 1505/185/104
f 1553/687/104 1554/653/104 1546/184/104 1545/693/104
f 1519/650/7 1557/692/7 1549/6/7 1509/5/7
f 1557/692/7 1558/651/7 1550/169/7 1549/6/7
f 1503/637/1 1543/694/1 1548/112/1 1508/47/1
f 1543/694/1 1544/132/1 1547/50/1 1548/112/1
f 1509/5/2 1549/6/2 1546/95/2 1506/41/2
f 1549/6/2 1550/169/2 1545/44/2 1546/95/2
f 1541/676/5 1525/644/5 1554/653/5
f 1553/687/5 1523/652/5 1539/661/5
f 1551/688/95 1575/688/95 1572/686/95 1540/686/95
f 1542/677/5 1552/654/5 1526/655/5
f 1568/699/1 1584/699/1 1583/701/1 1567/701/1
f 1563/697/5 1571/661/5 1572/686/5 1564/700/5
f 1566/698/5 1574/677/5 1573/676/5 1565/702/5
f 1567/701/5 1575/688/5 1576/654/5 1568/699/5
f 1570/696/5 1578/653/5 1577/687/5 1569/695/5
f 1565/702/5 1573/676/5 1578/653/5 1570/696/5
f 1569/695/5 1577/687/5 1571/661/5 1563/697/5
f 1564/700/5 1572/686/5 1575/688/5 1567/701/5
f 1568/699/5 1576/654/5 1574/677/5 1566/698/5
f 1625/644/100 1613/645/100 1598/183/100 1606/182/100
f 1613/645/73 1615/646/73 1602/51/73 1598/183/73
f 1621/647/101 1617/648/101 1600/111/101 1610/110/101
f 1617/648/75 1612/649/75 1596/9/75 1600/111/75
f 1604/641/76 1595/420/76 1599/13/76 1607/12/76
f 1610/110/77 1600/111/77 1596/17/77 1605/16/77
f 1602/51/78 1609/5/78 1606/41/78 1598/40/78
f 1650/169/2 1610/110/2 1605/16/2 1645/44/2
f 1597/633/79 1603/637/79 1608/47/79 1601/46/79
f 1644/132/1 1604/641/1 1607/12/1 1647/50/1
f 1615/646/102 1619/650/102 1609/5/102 1602/51/102
f 1658/651/7 1621/647/7 1610/110/7 1650/169/7
f 1612/476/103 1623/652/103 1605/185/103 1596/432/103
f 1654/653/104 1625/644/104 1606/182/104 1646/184/104
f 1643/134/105 1603/656/105 1626/655/105 1652/654/105
f 1595/142/106 1604/659/106 1624/658/106 1611/657/106
f 1628/660/107 1639/661/107 1623/652/107 1612/476/107
f 1647/50/7 1607/12/7 1622/663/7 1656/662/7
f 1662/664/7 1637/665/7 1621/647/7 1658/651/7
f 1601/46/108 1608/47/108 1620/667/108 1616/666/108
f 1631/668/7 1635/669/7 1619/650/7 1615/646/7
f 1599/13/87 1595/484/87 1611/671/87 1618/670/87
f 1633/672/3 1628/673/3 1612/649/3 1617/648/3
f 1607/12/109 1599/13/109 1618/670/109 1622/663/109
f 1637/665/7 1633/672/7 1617/648/7 1621/647/7
f 1597/424/89 1601/46/89 1616/666/89 1614/674/89
f 1629/675/6 1631/668/6 1615/646/6 1613/645/6
f 1603/656/110 1597/424/110 1614/674/110 1626/655/110
f 1641/676/111 1629/675/111 1613/645/111 1625/644/111
f 1626/655/111 1614/674/111 1630/678/111 1642/677/111
f 1642/677/111 1630/678/111 1629/675/111 1641/676/111
f 1614/674/6 1616/666/6 1632/679/6 1630/678/6
f 1630/678/6 1632/679/6 1631/668/6 1629/675/6
f 1622/663/7 1618/670/7 1634/681/7 1638/680/7
f 1638/680/7 1634/681/7 1633/672/7 1637/665/7
f 1618/670/3 1611/671/3 1627/682/3 1634/681/3
f 1634/681/3 1627/682/3 1628/673/3 1633/672/3
f 1616/666/7 1620/667/7 1636/683/7 1632/679/7
f 1632/679/7 1636/683/7 1635/669/7 1631/668/7
f 1656/662/7 1622/663/7 1638/680/7 1660/684/7
f 1660/684/7 1638/680/7 1637/665/7 1662/664/7
f 1611/657/107 1624/658/107 1640/686/107 1627/685/107
f 1627/685/107 1640/686/107 1639/661/107 1628/660/107
f 1640/686/6 1672/686/6 1671/661/6 1639/661/6
f 1641/676/3 1673/676/3 1674/677/3 1642/677/3
f 1639/661/92 1671/661/92 1677/687/92 1653/687/92
f 1642/677/93 1674/677/93 1676/654/93 1652/654/93
f 1624/658/5 1651/688/5 1640/686/5
f 1652/654/2 1676/654/2 1675/688/2 1651/688/2
f 1636/683/7 1659/690/7 1661/689/7 1635/669/7
f 1659/690/7 1660/684/7 1662/664/7 1661/689/7
f 1620/667/7 1655/691/7 1659/690/7 1636/683/7
f 1655/691/7 1656/662/7 1660/684/7 1659/690/7
f 1635/669/7 1661/689/7 1657/692/7 1619/650/7
f 1661/689/7 1662/664/7 1658/651/7 1657/692/7
f 1608/47/7 1648/112/7 1655/691/7 1620/667/7
f 1648/112/7 1647/50/7 1656/662/7 1655/691/7
f 1653/687/1 1677/687/1 1678/653/1 1654/653/1
f 1654/653/94 1678/653/94 1673/676/94 1641/676/94
f 1604/659/105 1644/341/105 1651/688/105 1624/658/105
f 1644/341/105 1643/134/105 1652/654/105 1651/688/105
f 1623/652/104 1653/687/104 1645/693/104 1605/185/104
f 1653/687/104 1654/653/104 1646/184/104 1645/693/104
f 1619/650/7 1657/692/7 1649/6/7 1609/5/7
f 1657/692/7 1658/651/7 1650/169/7 1649/6/7
f 1603/637/1 1643/694/1 1648/112/1 1608/47/1
f 1643/694/1 1644/132/1 1647/50/1 1648/112/1
f 1609/5/2 1649/6/2 1646/95/2 1606/41/2
f 1649/6/2 1650/169/2 1645/44/2 1646/95/2
f 1641/676/5 1625/644/5 1654/653/5
f 1653/687/5 1623/652/5 1639/661/5
f 1651/688/95 1675/688/95 1672/686/95 1640/686/95
f 1642/677/5 1652/654/5 1626/655/5
f 1668/699/1 1684/699/1 1683/701/1 1667/701/1
f 1663/697/5 1671/661/5 1672/686/5 1664/700/5
f 1666/698/5 1674/677/5 1673/676/5 1665/702/5
f 1667/701/5 1675/688/5 1676/654/5 1668/699/5
f 1670/696/5 1678/653/5 1677/687/5 1669/695/5
f 1665/702/5 1673/676/5 1678/653/5 1670/696/5
f 1669/695/5 1677/687/5 1671/661/5 1663/697/5
f 1664/700/5 1672/686/5 1675/688/5 1667/701/5
f 1668/699/5 1676/654/5 1674/677/5 1666/698/5
f 1725/644/100 1713/645/100 1698/183/100 1706/182/100
f 1713/645/73 1715/646/73 1702/51/73 1698/183/73
f 1721/647/101 1717/648/101 1700/111/101 1710/110/101
f 1717/648/75 1712/649/75 1696/9/75 1700/111/75
f 1704/641/76 1695/420/76 1699/13/76 1707/12/76
f 1710/110/77 1700/111/77 1696/17/77 1705/16/77
f 1702/51/78 1709/5/78 1706/41/78 1698/40/78
f 1750/169/2 1710/110/2 1705/16/2 1745/44/2
f 1697/633/79 1703/637/79 1708/47/79 1701/46/79
f 1744/132/1 1704/641/1 1707/12/1 1747/50/1
f 1715/646/102 1719/650/102 1709/5/102 1702/51/102
f 1758/651/7 1721/647/7 1710/110/7 1750/169/7
f 1712/476/103 1723/652/103 1705/185/103 1696/432/103
f 1754/653/104 1725/644/104 1706/182/104 1746/184/104
f 1743/134/105 1703/656/105 1726/655/105 1752/654/105
f 1695/142/106 1704/659/106 1724/658/106 1711/657/106
f 1728/660/107 1739/661/107 1723/652/107 1712/476/107
f 1747/50/7 1707/12/7 1722/663/7 1756/662/7
f 1762/664/7 1737/665/7 1721/647/7 1758/651/7
f 1701/46/108 1708/47/108 1720/667/108 1716/666/108
f 1731/668/7 1735/669/7 1719/650/7 1715/646/7
f 1699/13/87 1695/484/87 1711/671/87 1718/670/87
f 1733/672/3 1728/673/3 1712/649/3 1717/648/3
f 1707/12/109 1699/13/109 1718/670/109 1722/663/109
f 1737/665/7 1733/672/7 1717/648/7 1721/647/7
f 1697/424/89 1701/46/89 1716/666/89 1714/674/89
f 1729/675/6 1731/668/6 1715/646/6 1713/645/6
f 1703/656/110 1697/424/110 1714/674/110 1726/655/110
f 1741/676/111 1729/675/111 1713/645/111 1725/644/111
f 1726/655/111 1714/674/111 1730/678/111 1742/677/111
f 1742/677/111 1730/678/111 1729/675/111 1741/676/111
f 1714/674/6 1716/666/6 1732/679/6 1730/678/6
f 1730/678/6 1732/679/6 1731/668/6 1729/675/6
f 1722/663/7 1718/670/7 1734/681/7 1738/680/7
f 1738/680/7 1734/681/7 1733/672/7 1737/665/7
f 1718/670/3 1711/671/3 1727/682/3 1734/681/3
f 1734/681/3 1727/682/3 1728/673/3 1733/672/3
f 1716/666/7 1720/667/7 1736/683/7 1732/679/7
f 1732/679/7 1736/683/7 1735/669/7 1731/668/7
f 1756/662/7 1722/663/7 1738/680/7 1760/684/7
f 1760/684/7 1738/680/7 1737/665/7 1762/664/7
f 1711/657/107 1724/658/107 1740/686/107 1727/685/107
f 1727/685/107 1740/686/107 1739/661/107 1728/660/107
f 1740/686/6 1772/686/6 1771/661/6 1739/661/6
f 1741/676/3 1773/676/3 1774/677/3 1742/677/3
f 1739/661/92 1771/661/92 1777/687/92 1753/687/92
f 1742/677/93 1774/677/93 1776/654/93 1752/654/93
f 1724/658/5 1751/688/5 1740/686/5
f 1752/654/2 1776/654/2 1775/688/2 1751/688/2
f 1736/683/7 1759/690/7 1761/689/7 1735/669/7
f 1759/690/7 1760/684/7 1762/664/7 1761/689/7
f 1720/667/7 1755/691/7 1759/690/7 1736/683/7
f 1755/691/7 1756/662/7 1760/684/7 1759/690/7
f 1735/669/7 1761/689/7 1757/692/7 1719/650/7
f 1761/689/7 1762/664/7 1758/651/7 1757/692/7
f 1708/47/7 1748/112/7 1755/691/7 1720/667/7
f 1748/112/7 1747/50/7 1756/662/7 1755/691/7
f 1753/687/1 1777/687/1 1778/653/1 1754/653/1
f 1754/653/94 1778/653/94 1773/676/94 1741/676/94
f 1704/659/105 1744/341/105 1751/688/105 1724/658/105
f 1744/341/105 1743/134/105 1752/654/105 1751/688/105
f 1723/652/104 1753/687/104 1745/693/104 1705/185/104
f 1753/687/104 1754/653/104 1746/184/104 1745/693/104
f 1719/650/7 1757/692/7 1749/6/7 1709/5/7
f 1757/692/7 1758/651/7 1750/169/7 1749/6/7
f 1703/637/1 1743/694/1 1748/112/1 1708/47/1
f 1743/694/1 1744/132/1 1747/50/1 1748/112/1
f 1709/5/2 1749/6/2 1746/95/2 1706/41/2
f 1749/6/2 1750/169/2 1745/44/2 1746/95/2
f 1741/676/5 1725/644/5 1754/653/5
f 1753/687/5 1723/652/5 1739/661/5
f 1751/688/95 1775/688/95 1772/686/95 1740/686/95
f 1742/677/5 1752/654/5 1726/655/5
f 1768/699/1 1784/699/1 1783/701/1 1767/701/1
f 1763/697/5 1771/661/5 1772/686/5 1764/700/5
f 1766/698/5 1774/677/5 1773/676/5 1765/702/5
f 1767/701/5 1775/688/5 1776/654/5 1768/699/5
f 1770/696/5 1778/653/5 1777/687/5 1769/695/5
f 1765/702/5 1773/676/5 1778/653/5 1770/696/5
f 1769/695/5 1777/687/5 1771/661/5 1763/697/5
f 1764/700/5 1772/686/5 1775/688/5 1767/701/5
f 1768/699/5 1776/654/5 1774/677/5 1766/698/5
f 1825/644/100 1813/645/100 1798/183/100 1806/182/100
f 1813/645/73 1815/646/73 1802/51/73 1798/183/73
f 1821/647/101 1817/648/101 1800/111/101 1810/110/101
f 1817/648/75 1812/649/75 1796/9/75 1800/111/75
f 1804/641/76 1795/420/76 1799/13/76 1807/12/76
f 1810/110/77 1800/111/77 1796/17/77 1805/16/77
f 1802/51/78 1809/5/78 1806/41/78 1798/40/78
f 1850/169/2 1810/110/2 1805/16/2 1845/44/2
f 1797/633/79 1803/637/79 1808/47/79 1801/46/79
f 1844/132/1 1804/641/1 1807/12/1 1847/50/1
f 1815/646/102 1819/650/102 1809/5/102 1802/51/102
f 1858/651/7 1821/647/7 1810/110/7 1850/169/7
f 1812/476/103 1823/652/103 1805/185/103 1796/432/103
f 1854/653/104 1825/644/104 1806/182/104 1846/184/104
f 1843/134/105 1803/656/105 1826/655/105 1852/654/105
f 1795/142/106 1804/659/106 1824/658/106 1811/657/106
f 1828/660/107 1839/661/107 1823/652/107 1812/476/107
f 1847/50/7 1807/12/7 1822/663/7 1856/662/7
f 1862/664/7 1837/665/7 1821/647/7 1858/651/7
f 1801/46/108 1808/47/108 1820/667/108 1816/666/108
f 1831/668/7 1835/669/7 1819/650/7 1815/646/7
f 1799/13/87 1795/484/87 1811/671/87 1818/670/87
f 1833/672/3 1828/673/3 1812/649/3 1817/648/3
f 1807/12/109 1799/13/109 1818/670/109 1822/663/109
f 1837/665/7 1833/672/7 1817/648/7 1821/647/7
f 1797/424/89 1801/46/89 1816/666/89 1814/674/89
f 1829/675/6 1831/668/6 1815/646/6 1813/645/6
f 1803/656/110 1797/424/110 1814/674/110 1826/655/110
f 1841/676/111 1829/675/111 1813/645/111 1825/644/111
f 1826/655/111 1814/674/111 1830/678/111 1842/677/111
f 1842/677/111 1830/678/111 1829/675/111 1841/676/111
f 1814/674/6 1816/666/6 1832/679/6 1830/678/6
f 1830/678/6 1832/679/6 1831/668/6 1829/675/6
f 1822/663/7 1818/670/7 1834/681/7 1838/680/7
f 1838/680/7 1834/681/7 1833/672/7 1837/665/7
f 1818/670/3 1811/671/3 1827/682/3 1834/681/3
f 1834/681/3 1827/682/3 1828/673/3 1833/672/3
f 1816/666/7 1820/667/7 1836/683/7 1832/679/7
f 1832/679/7 1836/683/7 1835/669/7 1831/668/7
f 1856/662/7 1822/663/7 1838/680/7 1860/684/7
f 1860/684/7 1838/680/7 1837/665/7 1862/664/7
f 1811/657/107 1824/658/107 1840/686/107 1827/685/107
f 1827/685/107 1840/686/107 1839/661/107 1828/660/107
f 1840/686/6 1872/686/6 1871/661/6 1839/661/6
f 1841/676/3 1873/676/3 1874/677/3 1842/677/3
f 1839/661/92 1871/661/92 1877/687/92 1853/687/92
f 1842/677/93 1874/677/93 1876/654/93 1852/654/93
f 1824/658/5 1851/688/5 1840/686/5
f 1852/654/2 1876/654/2 1875/688/2 1851/688/2
f 1836/683/7 1859/690/7 1861/689/7 1835/669/7
f 1859/690/7 1860/684/7 1862/664/7 1861/689/7
f 1820/667/7 1855/691/7 1859/690/7 1836/683/7
f 1855/691/7 1856/662/7 1860/684/7 1859/690/7
f 1835/669/7 1861/689/7 1857/692/7 1819/650/7
f 1861/689/7 1862/664/7 1858/651/7 1857/692/7
f 1808/47/7 1848/112/7 1855/691/7 1820/667/7
f 1848/112/7 1847/50/7 1856/662/7 1855/691/7
f 1853/687/1 1877/687/1 1878/653/1 1854/653/1
f 1854/653/94 1878/653/94 1873/676/94 1841/676/94
f 1804/659/105 1844/341/105 1851/688/105 1824/658/105
f 1844/341/105 1843/134/105 1852/654/105 1851/688/105
f 1823/652/104 1853/687/104 1845/693/104 1805/185/104
f 1853/687/104 1854/653/104 1846/184/104 1845/693/104
f 1819/650/7 1857/692/7 1849/6/7 1809/5/7
f 1857/692/7 1858/651/7 1850/169/7 1849/6/7
f 1803/637/1 1843/694/1 1848/112/1 1808/47/1
f 1843/694/1 1844/132/1 1847/50/1 1848/112/1
f 1809/5/2 1849/6/2 1846/95/2 1806/41/2
f 1849/6/2 1850/169/2 1845/44/2 1846/95/2
f 1841/676/5 1825/644/5 1854/653/5
f 1853/687/5 1823/652/5 1839/661/5
f 1851/688/95 1875/688/95 1872/686/95 1840/686/95
f 1842/677/5 1852/654/5 1826/655/5
f 1868/699/1 1884/699/1 1883/701/1 1867/701/1
f 1863/697/5 1871/661/5 1872/686/5 1864/700/5
f 1866/698/5 1874/677/5 1873/676/5 1865/702/5
f 1867/701/5 1875/688/5 1876/654/5 1868/699/5
f 1870/696/5 1878/653/5 1877/687/5 1869/695/5
f 1865/702/5 1873/676/5 1878/653/5 1870/696/5
f 1869/695/5 1877/687/5 1871/661/5 1863/697/5
f 1864/700/5 1872/686/5 1875/688/5 1867/701/5
f 1868/699/5 1876/654/5 1874/677/5 1866/698/5
f 1925/644/100 1913/645/100 1898/183/100 1906/182/100
f 1913/645/73 1915/646/73 1902/51/73 1898/183/73
f 1921/647/101 1917/648/101 1900/111/101 1910/110/101
f 1917/648/75 1912/649/75 1896/9/75 1900/111/75
f 1904/641/76 1895/420/76 1899/13/76 1907/12/76
f 1910/110/77 1900/111/77 1896/17/77 1905/16/77
f 1902/51/78 1909/5/78 1906/41/78 1898/40/78
f 1950/169/2 1910/110/2 1905/16/2 1945/44/2
f 1897/633/79 1903/637/79 1908/47/79 1901/46/79
f 1944/132/1 1904/641/1 1907/12/1 1947/50/1
f 1915/646/102 1919/650/102 1909/5/102 1902/51/102
f 1958/651/7 1921/647/7 1910/110/7 1950/169/7
f 1912/476/103 1923/652/103 1905/185/103 1896/432/103
f 1954/653/104 1925/644/104 1906/182/104 1946/184/104
f 1943/134/105 1903/656/105 1926/655/105 1952/654/105
f 1895/142/106 1904/659/106 1924/658/106 1911/657/106
f 1928/660/107 1939/661/107 1923/652/107 1912/476/107
f 1947/50/7 1907/12/7 1922/663/7 1956/662/7
f 1962/664/7 1937/665/7 1921/647/7 1958/651/7
f 1901/46/108 1908/47/108 1920/667/108 1916/666/108
f 1931/668/7 1935/669/7 1919/650/7 1915/646/7
f 1899/13/87 1895/484/87 1911/671/87 1918/670/87
f 1933/672/3 1928/673/3 1912/649/3 1917/648/3
f 1907/12/109 1899/13/109 1918/670/109 1922/663/109
f 1937/665/7 1933/672/7 1917/648/7 1921/647/7
f 1897/424/89 1901/46/89 1916/666/89 1914/674/89
f 1929/675/6 1931/668/6 1915/646/6 1913/645/6
f 1903/656/110 1897/424/110 1914/674/110 1926/655/110
f 1941/676/111 1929/675/111 1913/645/111 1925/644/111
f 1926/655/111 1914/674/111 1930/678/111 1942/677/111
f 1942/677/111 1930/678/111 1929/675/111 1941/676/111
f 1914/674/6 1916/666/6 1932/679/6 1930/678/6
f 1930/678/6 1932/679/6 1931/668/6 1929/675/6
f 1922/663/7 1918/670/7 1934/681/7 1938/680/7
f 1938/680/7 1934/681/7 1933/672/7 1937/665/7
f 1918/670/3 1911/671/3 1927/682/3 1934/681/3
f 1934/681/3 1927/682/3 1928/673/3 1933/672/3
f 1916/666/7 1920/667/7 1936/683/7 1932/679/7
f 1932/679/7 1936/683/7 1935/669/7 1931/668/7
f 1956/662/7 1922/663/7 1938/680/7 1960/684/7
f 1960/684/7 1938/680/7 1937/665/7 1962/664/7
f 1911/657/107 1924/658/107 1940/686/107 1927/685/107
f 1927/685/107 1940/686/107 1939/661/107 1928/660/107
f 1940/686/6 1972/686/6 1971/661/6 1939/661/6
f 1941/676/3 1973/676/3 1974/677/3 1942/677/3
f 1939/661/92 1971/661/92 1977/687/92 1953/687/92
f 1942/677/93 1974/677/93 1976/654/93 1952/654/93
f 1924/658/5 1951/688/5 1940/686/5
f 1952/654/2 1976/654/2 1975/688/2 1951/688/2
f 1936/683/7 1959/690/7 1961/689/7 1935/669/7
f 1959/690/7 1960/684/7 1962/664/7 1961/689/7
f 1920/667/7 1955/691/7 1959/690/7 1936/683/7
f 1955/691/7 1956/662/7 1960/684/7 1959/690/7
f 1935/669/7 1961/689/7 1957/692/7 1919/650/7
f 1961/689/7 1962/664/7 1958/651/7 1957/692/7
f 1908/47/7 1948/112/7 1955/691/7 1920/667/7
f 1948/112/7 1947/50/7 1956/662/7 1955/691/7
f 1953/687/1 1977/687/1 1978/653/1 1954/653/1
f 1954/653/94 1978/653/94 1973/676/94 1941/676/94
f 1904/659/105 1944/341/105 1951/688/105 1924/658/105
f 1944/341/105 1943/134/105 1952/654/105 1951/688/105
f 1923/652/104 1953/687/104 1945/693/104 1905/185/104
f 1953/687/104 1954/653/104 1946/184/104 1945/693/104
f 1919/650/7 1957/692/7 1949/6/7 1909/5/7
f 1957/692/7 1958/651/7 1950/169/7 1949/6/7
f 1903/637/1 1943/694/1 1948/112/1 1908/47/1
f 1943/694/1 1944/132/1 1947/50/1 1948/112/1
f 1909/5/2 1949/6/2 1946/95/2 1906/41/2
f 1949/6/2 1950/169/2 1945/44/2 1946/95/2
f 1941/676/5 1925/644/5 1954/653/5
f 1953/687/5 1923/652/5 1939/661/5
f 1951/688/95 1975/688/95 1972/686/95 1940/686/95
f 1942/677/5 1952/654/5 1926/655/5
f 1968/699/1 1984/699/1 1983/701/1 1967/701/1
f 1963/697/5 1971/661/5 1972/686/5 1964/700/5
f 1966/698/5 1974/677/5 1973/676/5 1965/702/5
f 1967/701/5 1975/688/5 1976/654/5 1968/699/5
f 1970/696/5 1978/653/5 1977/687/5 1969/695/5
f 1965/702/5 1973/676/5 1978/653/5 1970/696/5
f 1969/695/5 1977/687/5 1971/661/5 1963/697/5
f 1964/700/5 1972/686/5 1975/688/5 1967/701/5
f 1968/699/5 1976/654/5 1974/677/5 1966/698/5
f 2025/644/100 2013/645/100 1998/183/100 2006/182/100
f 2013/645/73 2015/646/73 2002/51/73 1998/183/73
f 2021/647/101 2017/648/101 2000/111/101 2010/110/101
f 2017/648/75 2012/649/75 1996/9/75 2000/111/75
f 2004/641/76 1995/420/76 1999/13/76 2007/12/76
f 2010/110/77 2000/111/77 1996/17/77 2005/16/77
f 2002/51/78 2009/5/78 2006/41/78 1998/40/78
f 2050/169/2 2010/110/2 2005/16/2 2045/44/2
f 1997/633/79 2003/637/79 2008/47/79 2001/46/79
f 2044/132/1 2004/641/1 2007/12/1 2047/50/1
f 2015/646/102 2019/650/102 2009/5/102 2002/51/102
f 2058/651/7 2021/647/7 2010/110/7 2050/169/7
f 2012/476/103 2023/652/103 2005/185/103 1996/432/103
f 2054/653/104 2025/644/104 2006/182/104 2046/184/104
f 2043/134/105 2003/656/105 2026/655/105 2052/654/105
f 1995/142/106 2004/659/106 2024/658/106 2011/657/106
f 2028/660/107 2039/661/107 2023/652/107 2012/476/107
f 2047/50/7 2007/12/7 2022/663/7 2056/662/7
f 2062/664/7 2037/665/7 2021/647/7 2058/651/7
f 2001/46/108 2008/47/108 2020/667/108 2016/666/108
f 2031/668/7 2035/669/7 2019/650/7 2015/646/7
f 1999/13/87 1995/484/87 2011/671/87 2018/670/87
f 2033/672/3 2028/673/3 2012/649/3 2017/648/3
f 2007/12/109 1999/13/109 2018/670/109 2022/663/109
f 2037/665/7 2033/672/7 2017/648/7 2021/647/7
f 1997/424/89 2001/46/89 2016/666/89 2014/674/89
f 2029/675/6 2031/668/6 2015/646/6 2013/645/6
f 2003/656/110 1997/424/110 2014/674/110 2026/655/110
f 2041/676/111 2029/675/111 2013/645/111 2025/644/111
f 2026/655/111 2014/674/111 2030/678/111 2042/677/111
f 2042/677/111 2030/678/111 2029/675/111 2041/676/111
f 2014/674/6 2016/666/6 2032/679/6 2030/678/6
f 2030/678/6 2032/679/6 2031/668/6 2029/675/6
f 2022/663/7 2018/670/7 2034/681/7 2038/680/7
f 2038/680/7 2034/681/7 2033/672/7 2037/665/7
f 2018/670/3 2011/671/3 2027/682/3 2034/681/3
f 2034/681/3 2027/682/3 2028/673/3 2033/672/3
f 2016/666/7 2020/667/7 2036/683/7 2032/679/7
f 2032/679/7 2036/683/7 2035/669/7 2031/668/7
f 2056/662/7 2022/663/7 2038/680/7 2060/684/7
f 2060/684/7 2038/680/7 2037/665/7 2062/664/7
f 2011/657/107 2024/658/107 2040/686/107 2027/685/107
f 2027/685/107 2040/686/107 2039/661/107 2028/660/107
f 2040/686/6 2072/686/6 2071/661/6 2039/661/6
f 2041/676/3 2073/676/3 2074/677/3 2042/677/3
f 2039/661/92 2071/661/92 2077/687/92 2053/687/92
f 2042/677/93 2074/677/93 2076/654/93 2052/654/93
f 2024/658/5 2051/688/5 2040/686/5
f 2052/654/2 2076/654/2 2075/688/2 2051/688/2
f 2036/683/7 2059/690/7 2061/689/7 2035/669/7
f 2059/690/7 2060/684/7 2062/664/7 2061/689/7
f 2020/667/7 2055/691/7 2059/690/7 2036/683/7
f 2055/691/7 2056/662/7 2060/684/7 2059/690/7
f 2035/669/7 2061/689/7 2057/692/7 2019/650/7
f 2061/689/7 2062/664/7 2058/651/7 2057/692/7
f 2008/47/7 2048/112/7 2055/691/7 2020/667/7
f 2048/112/7 2047/50/7 2056/662/7 2055/691/7
f 2053/687/1 2077/687/1 2078/653/1 2054/653/1
f 2054/653/94 2078/653/94 2073/676/94 2041/676/94
f 2004/659/105 2044/341/105 2051/688/105 2024/658/105
f 2044/341/105 2043/134/105 2052/654/105 2051/688/105
f 2023/652/104 2053/687/104 2045/693/104 2005/185/104
f 2053/687/104 2054/653/104 2046/184/104 2045/693/104
f 2019/650/7 2057/692/7 2049/6/7 2009/5/7
f 2057/692/7 2058/651/7 2050/169/7 2049/6/7
f 2003/637/1 2043/694/1 2048/112/1 2008/47/1
f 2043/694/1 2044/132/1 2047/50/1 2048/112/1
f 2009/5/2 2049/6/2 2046/95/2 2006/41/2
f 2049/6/2 2050/169/2 2045/44/2 2046/95/2
f 2041/676/5 2025/644/5 2054/653/5
f 2053/687/5 2023/652/5 2039/661/5
f 2051/688/95 2075/688/95 2072/686/95 2040/686/95
f 2042/677/5 2052/654/5 2026/655/5
f 2068/699/1 2084/699/1 2083/701/1 2067/701/1
f 2063/697/5 2071/661/5 2072/686/5 2064/700/5
f 2066/698/5 2074/677/5 2073/676/5 2065/702/5
f 2067/701/5 2075/688/5 2076/654/5 2068/699/5
f 2070/696/5 2078/653/5 2077/687/5 2069/695/5
f 2065/702/5 2073/676/5 2078/653/5 2070/696/5
f 2069/695/5 2077/687/5 2071/661/5 2063/697/5
f 2064/700/5 2072/686/5 2075/688/5 2067/701/5
f 2068/699/5 2076/654/5 2074/677/5 2066/698/5
f 2316/320/43 337/196/43 2154/168/43 2351/279/43
f 139/66/117 338/65/117 2152/277/117 2145/66/117
f 337/196/120 138/169/120 2144/169/120 2154/168/120
f 157/244/7 2165/243/7 2191/405/7 394/244/7
f 393/369/1 396/362/1 2192/267/1 2191/405/1
f 286/396/2 2186/347/2 2188/347/2 358/396/2
f 145/234/7 2159/377/7 2164/378/7 155/234/7
f 176/222/7 174/221/7 2181/375/7 2182/259/7
f 162/216/2 2177/255/2 2181/255/2 174/216/2
f 149/211/1 2161/251/1 2170/213/1 179/211/1
f 294/362/5 2166/267/5 2192/267/5 396/362/5
f 182/200/2 2185/347/2 2187/347/2 352/200/2
f 2339/357/42 304/356/42 2176/239/42 2353/319/42
f 295/103/123 303/358/123 2175/314/123 2167/313/123
f 2340/360/124 302/359/124 2174/224/124 2354/271/124
f 294/362/21 301/361/21 2173/268/21 2166/267/21
f 290/365/2 291/364/2 2163/262/2 2162/199/2
f 281/153/1 2179/258/1 2182/259/1 284/153/1
f 2295/367/2 279/189/2 2177/255/2 2299/254/2
f 2296/370/20 293/369/20 2165/243/20 2300/242/20
f 304/356/21 282/371/21 2180/237/21 2176/239/21
f 280/372/5 2178/235/5 2180/237/5 282/371/5
f 302/359/125 296/365/125 2168/199/125 2174/224/125
f 298/194/5 297/101/5 2169/212/5 2170/213/5
f 288/101/2 2160/212/2 2169/212/2 297/101/2
f 160/151/7 2210/337/7 2228/406/7 398/151/7
f 395/246/2 398/151/2 2228/406/2 2227/249/2
f 152/201/2 154/264/2 2207/355/2 2206/345/2
f 165/220/1 2197/228/1 2200/217/1 175/220/1
f 2292/257/2 161/215/2 2195/214/2 2301/354/2
f 2290/247/20 158/246/20 2209/248/20 2302/352/20
f 252/241/21 167/238/21 2198/351/21 2220/335/21
f 163/238/5 2196/351/5 2198/351/5 167/238/5
f 218/226/34 172/201/34 2212/350/34 2217/340/34
f 180/209/5 178/203/5 2213/202/5 2214/210/5
f 148/203/2 2204/202/2 2213/202/2 178/203/2
f 2336/270/2 218/226/2 2217/340/2 2355/339/2
f 160/151/21 220/266/21 2218/338/21 2210/337/21
f 170/203/41 237/316/41 2219/336/41 2211/261/41
f 2319/318/42 252/241/42 2220/335/42 2356/334/42
f 259/126/7 2209/248/7 2227/249/7 385/126/7
f 253/342/7 2203/231/7 2208/233/7 258/342/7
f 272/109/7 271/344/7 2199/218/7 2200/217/7
f 267/117/2 2195/214/2 2199/214/2 271/117/2
f 255/121/1 2205/208/1 2214/210/1 264/191/1
f 187/201/2 2222/206/2 2224/206/2 353/201/2
f 273/387/2 2221/206/2 2223/206/2 355/387/2
f 156/733/20 2290/247/20 2302/352/20 2208/734/20
f 154/264/2 2292/257/2 2301/354/2 2207/355/2
f 292/735/20 2296/370/20 2300/242/20 2164/736/20
f 291/364/2 2295/367/2 2299/254/2 2163/262/2
f 88/402/53 2298/159/53 2286/366/53 384/363/53
f 48/157/51 2297/156/51 2279/115/51 372/95/51
f 89/737/20 2285/149/20 2296/370/20 292/735/20
f 384/363/2 2286/366/2 2295/367/2 291/364/2
f 2207/355/2 2301/354/2 2294/116/2 257/99/2
f 2208/734/20 2302/352/20 2293/125/20 258/738/20
f 153/263/2 2291/256/2 2292/257/2 154/264/2
f 2163/262/2 2299/254/2 2291/256/2 153/263/2
f 155/739/20 2289/245/20 2290/247/20 156/733/20
f 2164/736/20 2300/242/20 2289/245/20 155/739/20
f 35/4/1 2274/78/1 2288/78/1 104/4/1
f 100/29/6 99/183/6 2287/176/6 2288/78/6
f 63/401/2 2297/156/2 2298/159/2 88/402/2
f 65/694/20 2281/106/20 2285/149/20 89/737/20
f 58/54/3 2278/53/3 2282/127/3 70/54/3
f 258/738/20 2293/125/20 2282/127/20 66/132/20
f 257/99/2 2294/116/2 2280/43/2 64/69/2
f 45/694/6 2277/106/6 2281/106/6 65/694/6
f 4/40/2 2272/39/2 2287/39/2 99/40/2
f 27/75/2 2272/39/2 2275/42/2 37/76/2
f 39/70/2 2276/15/2 2268/18/2 32/88/2
f 34/82/3 32/93/3 2268/8/3 2269/7/3
f 220/266/42 2319/318/42 2356/334/42 2218/338/42
f 237/316/2 2336/270/2 2355/339/2 2219/336/2
f 303/358/124 2340/360/124 2354/271/124 2175/314/124
f 301/361/42 2339/357/42 2353/319/42 2173/268/42
f 338/65/43 2316/320/43 2351/279/43 2152/277/43
f 229/404/53 2350/281/53 2328/272/53 380/310/53
f 199/160/51 2349/280/51 2325/295/51 377/100/51
f 231/310/2 2330/273/2 2340/360/2 303/358/2
f 207/283/42 2315/326/42 2339/357/42 301/361/42
f 2219/336/2 2355/339/2 2338/278/2 277/312/2
f 2218/338/42 2356/334/42 2337/328/42 276/292/42
f 201/282/6 2310/329/6 2312/325/6 203/282/6
f 276/292/42 2337/328/42 2313/291/42 204/131/42
f 203/282/42 2312/325/42 2315/326/42 207/283/42
f 2152/277/43 2351/279/43 2329/279/43 209/65/43
f 212/179/6 211/276/6 2331/324/6 2332/275/6
f 189/71/2 2320/299/2 2331/323/2 211/71/2
f 2173/268/42 2353/319/42 2318/317/42 219/265/42
f 219/265/42 2318/317/42 2319/318/42 220/266/42
f 221/180/2 2320/299/2 2323/294/2 224/304/2
f 225/303/2 2324/297/2 2306/298/2 239/305/2
f 240/307/3 239/306/3 2306/296/3 2307/285/3
f 244/49/3 2311/290/3 2313/291/3 246/130/3
f 226/403/2 2349/280/2 2350/281/2 229/404/2
f 277/312/37 2338/278/37 2329/279/37 230/170/37
f 223/24/1 2322/275/1 2332/275/1 233/24/1
f 2175/314/35 2354/271/35 2335/269/35 236/315/35
f 236/315/2 2335/269/2 2336/270/2 237/316/2
usemtl Bleck-worl
f 306/380/1 305/381/1 319/381/1 320/380/1
f 315/382/3 306/380/3 320/380/3 324/382/3
f 305/381/5 306/380/5 312/203/5 311/204/5
f 308/382/5 307/383/5 313/204/5 314/203/5
f 306/380/5 315/382/5 310/203/5 312/203/5
f 316/383/5 305/381/5 311/204/5 309/204/5
f 315/382/5 308/382/5 314/203/5 310/203/5
f 307/383/5 316/383/5 309/204/5 313/204/5
f 316/383/6 307/383/6 325/383/6 323/383/6
f 305/381/6 316/383/6 323/383/6 319/381/6
f 307/383/2 308/382/2 326/382/2 325/383/2
f 308/382/3 315/382/3 324/382/3 326/382/3
f 328/384/5 327/385/5 329/385/5 330/386/5
f 2346/320/31 349/321/31 347/322/31 2345/388/31
f 2190/399/7 359/200/7 360/200/7 2189/400/7
f 359/200/7 361/201/7 362/201/7 360/200/7
f 2226/398/7 364/207/7 363/387/7 2225/397/7
f 2348/273/6 367/274/6 368/391/6 2347/392/6
f 594/464/5 572/465/5 427/437/5 430/436/5
f 551/440/5 583/466/5 428/414/5 425/415/5
f 583/466/5 594/464/5 430/436/5 428/414/5
f 638/469/7 616/470/7 435/416/7 438/409/7
f 627/472/7 638/469/7 438/409/7 436/407/7
f 437/455/7 433/459/7 628/517/7 617/518/7
f 617/518/7 628/517/7 629/519/7 618/520/7
f 618/520/7 629/519/7 630/521/7 619/522/7
f 619/522/7 630/521/7 631/523/7 620/524/7
f 620/524/7 631/523/7 632/525/7 621/526/7
f 621/526/7 632/525/7 633/527/7 622/528/7
f 622/528/7 633/527/7 634/529/7 623/530/7
f 623/530/7 634/529/7 635/531/7 624/532/7
f 624/532/7 635/531/7 636/533/7 625/534/7
f 625/534/7 636/533/7 637/535/7 626/536/7
f 626/536/7 637/535/7 638/469/7 627/472/7
f 432/456/7 437/455/7 617/518/7 605/474/7
f 605/474/7 617/518/7 618/520/7 604/500/7
f 604/500/7 618/520/7 619/522/7 603/498/7
f 603/498/7 619/522/7 620/524/7 602/497/7
f 602/497/7 620/524/7 621/526/7 601/495/7
f 601/495/7 621/526/7 622/528/7 600/493/7
f 600/493/7 622/528/7 623/530/7 599/491/7
f 599/491/7 623/530/7 624/532/7 598/489/7
f 598/489/7 624/532/7 625/534/7 597/487/7
f 597/487/7 625/534/7 626/536/7 596/486/7
f 596/486/7 626/536/7 627/472/7 595/471/7
f 433/459/7 434/431/7 606/501/7 628/517/7
f 628/517/7 606/501/7 607/503/7 629/519/7
f 629/519/7 607/503/7 608/504/7 630/521/7
f 630/521/7 608/504/7 609/506/7 631/523/7
f 631/523/7 609/506/7 610/508/7 632/525/7
f 632/525/7 610/508/7 611/510/7 633/527/7
f 633/527/7 611/510/7 612/511/7 634/529/7
f 634/529/7 612/511/7 613/512/7 635/531/7
f 635/531/7 613/512/7 614/514/7 636/533/7
f 636/533/7 614/514/7 615/516/7 637/535/7
f 637/535/7 615/516/7 616/470/7 638/469/7
f 423/447/5 429/446/5 584/568/5 573/569/5
f 573/569/5 584/568/5 585/570/5 574/571/5
f 574/571/5 585/570/5 586/572/5 575/573/5
f 589/574/3 578/575/3 1242/575/3 1250/574/3
f 576/576/5 587/577/5 588/578/5 577/579/5
f 580/580/1 579/581/1 1243/581/1 1244/580/1
f 578/575/5 589/574/5 590/582/5 579/581/5
f 586/572/2 587/577/2 1248/577/2 1247/572/2
f 580/580/5 591/583/5 592/584/5 581/585/5
f 577/579/6 588/578/6 1249/578/6 1241/579/6
f 582/586/5 593/587/5 594/464/5 583/466/5
f 424/450/5 423/447/5 573/569/5 561/468/5
f 561/468/5 573/569/5 574/571/5 560/567/5
f 560/567/5 574/571/5 575/573/5 559/566/5
f 559/566/5 575/573/5 576/576/5 558/565/5
f 558/565/5 576/576/5 577/579/5 557/563/5
f 557/563/5 577/579/5 578/575/5 556/561/5
f 556/561/5 578/575/5 579/581/5 555/559/5
f 555/559/5 579/581/5 580/580/5 554/557/5
f 554/557/5 580/580/5 581/585/5 553/556/5
f 553/556/5 581/585/5 582/586/5 552/555/5
f 552/555/5 582/586/5 583/466/5 551/440/5
f 429/446/5 426/442/5 562/537/5 584/568/5
f 584/568/5 562/537/5 563/539/5 585/570/5
f 585/570/5 563/539/5 564/541/5 586/572/5
f 586/572/5 564/541/5 565/542/5 587/577/5
f 587/577/5 565/542/5 566/543/5 588/578/5
f 588/578/5 566/543/5 567/545/5 589/574/5
f 589/574/5 567/545/5 568/547/5 590/582/5
f 590/582/5 568/547/5 569/549/5 591/583/5
f 591/583/5 569/549/5 570/551/5 592/584/5
f 592/584/5 570/551/5 571/553/5 593/587/5
f 593/587/5 571/553/5 572/465/5 594/464/5
f 736/705/7 737/706/7 734/707/7 731/708/7
f 736/705/96 731/708/96 732/710/96 735/709/96
f 738/703/97 733/704/97 734/707/97 737/706/97
f 737/706/98 736/705/98 735/709/98 738/703/98
f 733/704/99 732/710/99 731/708/99 734/707/99
f 836/705/7 837/706/7 834/707/7 831/708/7
f 836/705/96 831/708/96 832/710/96 835/709/96
f 838/703/97 833/704/97 834/707/97 837/706/97
f 837/706/98 836/705/98 835/709/98 838/703/98
f 833/704/99 832/710/99 831/708/99 834/707/99
f 936/705/7 937/706/7 934/707/7 931/708/7
f 936/705/96 931/708/96 932/710/96 935/709/96
f 938/703/97 933/704/97 934/707/97 937/706/97
f 937/706/98 936/705/98 935/709/98 938/703/98
f 933/704/99 932/710/99 931/708/99 934/707/99
f 1036/705/7 1037/706/7 1034/707/7 1031/708/7
f 1036/705/96 1031/708/96 1032/710/96 1035/709/96
f 1038/703/97 1033/704/97 1034/707/97 1037/706/97
f 1037/706/98 1036/705/98 1035/709/98 1038/703/98
f 1033/704/99 1032/710/99 1031/708/99 1034/707/99
f 1136/705/7 1137/706/7 1134/707/7 1131/708/7
f 1136/705/96 1131/708/96 1132/710/96 1135/709/96
f 1138/703/97 1133/704/97 1134/707/97 1137/706/97
f 1137/706/98 1136/705/98 1135/709/98 1138/703/98
f 1133/704/99 1132/710/99 1131/708/99 1134/707/99
f 1236/705/7 1237/706/7 1234/707/7 1231/708/7
f 1236/705/96 1231/708/96 1232/710/96 1235/709/96
f 1238/703/97 1233/704/97 1234/707/97 1237/706/97
f 1237/706/98 1236/705/98 1235/709/98 1238/703/98
f 1233/704/99 1232/710/99 1231/708/99 1234/707/99
f 1239/573/5 1247/572/5 1248/577/5 1240/576/5
f 1241/579/5 1249/578/5 1250/574/5 1242/575/5
f 1243/581/5 1251/582/5 1252/583/5 1244/580/5
f 1245/585/5 1253/584/5 1254/587/5 1246/586/5
f 579/581/6 590/582/6 1251/582/6 1243/581/6
f 588/578/2 589/574/2 1250/574/2 1249/578/2
f 582/586/1 581/585/1 1245/585/1 1246/586/1
f 591/583/3 580/580/3 1244/580/3 1252/583/3
f 581/585/6 592/584/6 1253/584/6 1245/585/6
f 576/576/1 575/573/1 1239/573/1 1240/576/1
f 590/582/2 591/583/2 1252/583/2 1251/582/2
f 593/587/3 582/586/3 1246/586/3 1254/587/3
f 575/573/6 586/572/6 1247/572/6 1239/573/6
f 578/575/1 577/579/1 1241/579/1 1242/575/1
f 592/584/2 593/587/2 1254/587/2 1253/584/2
f 587/577/3 576/576/3 1240/576/3 1248/577/3
f 1450/464/7 1286/436/7 1283/437/7 1428/465/7
f 1407/440/7 1281/415/7 1284/414/7 1439/466/7
f 1439/466/7 1284/414/7 1286/436/7 1450/464/7
f 1494/469/5 1294/409/5 1291/416/5 1472/470/5
f 1483/472/5 1292/407/5 1294/409/5 1494/469/5
f 1293/455/5 1473/518/5 1484/517/5 1289/459/5
f 1473/518/5 1474/520/5 1485/519/5 1484/517/5
f 1474/520/5 1475/522/5 1486/521/5 1485/519/5
f 1475/522/5 1476/524/5 1487/523/5 1486/521/5
f 1476/524/5 1477/526/5 1488/525/5 1487/523/5
f 1477/526/5 1478/528/5 1489/527/5 1488/525/5
f 1478/528/5 1479/530/5 1490/529/5 1489/527/5
f 1479/530/5 1480/532/5 1491/531/5 1490/529/5
f 1480/532/5 1481/534/5 1492/533/5 1491/531/5
f 1481/534/5 1482/536/5 1493/535/5 1492/533/5
f 1482/536/5 1483/472/5 1494/469/5 1493/535/5
f 1288/456/5 1461/474/5 1473/518/5 1293/455/5
f 1461/474/5 1460/500/5 1474/520/5 1473/518/5
f 1460/500/5 1459/498/5 1475/522/5 1474/520/5
f 1459/498/5 1458/497/5 1476/524/5 1475/522/5
f 1458/497/5 1457/495/5 1477/526/5 1476/524/5
f 1457/495/5 1456/493/5 1478/528/5 1477/526/5
f 1456/493/5 1455/491/5 1479/530/5 1478/528/5
f 1455/491/5 1454/489/5 1480/532/5 1479/530/5
f 1454/489/5 1453/487/5 1481/534/5 1480/532/5
f 1453/487/5 1452/486/5 1482/536/5 1481/534/5
f 1452/486/5 1451/471/5 1483/472/5 1482/536/5
f 1289/459/5 1484/517/5 1462/501/5 1290/431/5
f 1484/517/5 1485/519/5 1463/503/5 1462/501/5
f 1485/519/5 1486/521/5 1464/504/5 1463/503/5
f 1486/521/5 1487/523/5 1465/506/5 1464/504/5
f 1487/523/5 1488/525/5 1466/508/5 1465/506/5
f 1488/525/5 1489/527/5 1467/510/5 1466/508/5
f 1489/527/5 1490/529/5 1468/511/5 1467/510/5
f 1490/529/5 1491/531/5 1469/512/5 1468/511/5
f 1491/531/5 1492/533/5 1470/514/5 1469/512/5
f 1492/533/5 1493/535/5 1471/516/5 1470/514/5
f 1493/535/5 1494/469/5 1472/470/5 1471/516/5
f 1279/447/7 1429/569/7 1440/568/7 1285/446/7
f 1429/569/7 1430/571/7 1441/570/7 1440/568/7
f 1430/571/7 1431/573/7 1442/572/7 1441/570/7
f 1445/574/3 1250/574/3 1242/575/3 1434/575/3
f 1432/576/7 1433/579/7 1444/578/7 1443/577/7
f 1436/580/1 1244/580/1 1243/581/1 1435/581/1
f 1434/575/7 1435/581/7 1446/582/7 1445/574/7
f 1442/572/2 1247/572/2 1248/577/2 1443/577/2
f 1436/580/7 1437/585/7 1448/584/7 1447/583/7
f 1433/579/6 1241/579/6 1249/578/6 1444/578/6
f 1438/586/7 1439/466/7 1450/464/7 1449/587/7
f 1280/450/7 1417/468/7 1429/569/7 1279/447/7
f 1417/468/7 1416/567/7 1430/571/7 1429/569/7
f 1416/567/7 1415/566/7 1431/573/7 1430/571/7
f 1415/566/7 1414/565/7 1432/576/7 1431/573/7
f 1414/565/7 1413/563/7 1433/579/7 1432/576/7
f 1413/563/7 1412/561/7 1434/575/7 1433/579/7
f 1412/561/7 1411/559/7 1435/581/7 1434/575/7
f 1411/559/7 1410/557/7 1436/580/7 1435/581/7
f 1410/557/7 1409/556/7 1437/585/7 1436/580/7
f 1409/556/7 1408/555/7 1438/586/7 1437/585/7
f 1408/555/7 1407/440/7 1439/466/7 1438/586/7
f 1285/446/7 1440/568/7 1418/537/7 1282/442/7
f 1440/568/7 1441/570/7 1419/539/7 1418/537/7
f 1441/570/7 1442/572/7 1420/541/7 1419/539/7
f 1442/572/7 1443/577/7 1421/542/7 1420/541/7
f 1443/577/7 1444/578/7 1422/543/7 1421/542/7
f 1444/578/7 1445/574/7 1423/545/7 1422/543/7
f 1445/574/7 1446/582/7 1424/547/7 1423/545/7
f 1446/582/7 1447/583/7 1425/549/7 1424/547/7
f 1447/583/7 1448/584/7 1426/551/7 1425/549/7
f 1448/584/7 1449/587/7 1427/553/7 1426/551/7
f 1449/587/7 1450/464/7 1428/465/7 1427/553/7
f 1592/705/5 1587/708/5 1590/707/5 1593/706/5
f 1592/705/112 1591/709/112 1588/710/112 1587/708/112
f 1594/703/113 1593/706/113 1590/707/113 1589/704/113
f 1593/706/114 1594/703/114 1591/709/114 1592/705/114
f 1589/704/115 1590/707/115 1587/708/115 1588/710/115
f 1692/705/5 1687/708/5 1690/707/5 1693/706/5
f 1692/705/112 1691/709/112 1688/710/112 1687/708/112
f 1694/703/113 1693/706/113 1690/707/113 1689/704/113
f 1693/706/114 1694/703/114 1691/709/114 1692/705/114
f 1689/704/115 1690/707/115 1687/708/115 1688/710/115
f 1792/705/5 1787/708/5 1790/707/5 1793/706/5
f 1792/705/112 1791/709/112 1788/710/112 1787/708/112
f 1794/703/113 1793/706/113 1790/707/113 1789/704/113
f 1793/706/114 1794/703/114 1791/709/114 1792/705/114
f 1789/704/115 1790/707/115 1787/708/115 1788/710/115
f 1892/705/5 1887/708/5 1890/707/5 1893/706/5
f 1892/705/112 1891/709/112 1888/710/112 1887/708/112
f 1894/703/113 1893/706/113 1890/707/113 1889/704/113
f 1893/706/114 1894/703/114 1891/709/114 1892/705/114
f 1889/704/115 1890/707/115 1887/708/115 1888/710/115
f 1992/705/5 1987/708/5 1990/707/5 1993/706/5
f 1992/705/112 1991/709/112 1988/710/112 1987/708/112
f 1994/703/113 1993/706/113 1990/707/113 1989/704/113
f 1993/706/114 1994/703/114 1991/709/114 1992/705/114
f 1989/704/115 1990/707/115 1987/708/115 1988/710/115
f 2092/705/5 2087/708/5 2090/707/5 2093/706/5
f 2092/705/112 2091/709/112 2088/710/112 2087/708/112
f 2094/703/113 2093/706/113 2090/707/113 2089/704/113
f 2093/706/114 2094/703/114 2091/709/114 2092/705/114
f 2089/704/115 2090/707/115 2087/708/115 2088/710/115
f 1435/581/6 1243/581/6 1251/582/6 1446/582/6
f 1444/578/2 1249/578/2 1250/574/2 1445/574/2
f 1438/586/1 1246/586/1 1245/585/1 1437/585/1
f 1447/583/3 1252/583/3 1244/580/3 1436/580/3
f 1437/585/6 1245/585/6 1253/584/6 1448/584/6
f 1432/576/1 1240/576/1 1239/573/1 1431/573/1
f 1446/582/2 1251/582/2 1252/583/2 1447/583/2
f 1449/587/3 1254/587/3 1246/586/3 1438/586/3
f 1431/573/6 1239/573/6 1247/572/6 1442/572/6
f 1434/575/1 1242/575/1 1241/579/1 1433/579/1
f 1448/584/2 1253/584/2 1254/587/2 1449/587/2
f 1443/577/3 1248/577/3 1240/576/3 1432/576/3
f 366/396/7 2190/399/7 2189/400/7 365/348/7
f 361/201/7 2226/398/7 2225/397/7 362/201/7
f 370/393/6 2348/273/6 2347/392/6 369/394/6
f 350/389/31 2346/320/31 2345/388/31 348/390/31
usemtl White-color
f 19/5/2 51/6/2 129/6/2 127/5/2
f 2280/43/2 47/44/2 15/16/2 2276/15/2
f 200/65/11 62/66/11 40/67/11 193/68/11
f 62/66/12 64/69/12 39/70/12 40/67/12
f 38/73/2 37/76/2 381/96/2 382/97/2
f 192/74/2 38/73/2 382/97/2 377/100/2
f 2275/42/2 16/41/2 372/95/2 2279/115/2
f 2234/31/23 1/142/23 76/142/23 2246/31/23
f 55/108/1 23/1/1 111/1/1 115/108/1
f 112/34/7 110/184/7 105/182/7 108/28/7
f 111/1/7 109/185/7 113/186/7 115/108/7
f 372/95/2 16/41/2 105/41/2 110/95/2
f 24/28/1 56/34/1 112/34/1 108/28/1
f 15/16/2 47/44/2 113/44/2 109/16/2
f 22/22/1 54/38/1 126/38/1 124/22/1
f 126/38/5 125/169/5 123/110/5 124/22/5
f 128/35/5 127/5/5 129/6/5 131/118/5
f 53/118/1 21/35/1 128/35/1 131/118/1
f 52/169/30 20/110/30 123/110/30 125/169/30
f 2344/273/2 216/274/2 367/274/2 2348/273/2
f 2323/294/2 192/74/2 377/100/2 2325/295/2
f 2326/279/11 200/65/11 193/68/11 2324/297/11
f 52/169/11 227/168/11 225/303/11 20/110/11
f 19/5/2 224/304/2 379/308/2 51/6/2
f 250/321/7 249/322/7 347/322/7 349/321/7
f 2221/206/7 273/387/7 331/98/7 2201/346/7
f 182/200/7 181/201/7 332/201/7 333/200/7
f 2222/206/7 187/201/7 335/201/7 2202/346/7
f 187/201/7 188/200/7 336/200/7 335/201/7
f 2341/388/31 249/322/31 337/196/31 2316/320/31
f 2342/320/31 215/389/31 340/65/31 2317/320/31
f 215/389/31 214/390/31 338/65/31 340/65/31
f 213/391/6 216/274/6 341/174/6 342/174/6
f 2343/392/6 213/391/6 342/174/6 2333/273/6
f 2344/273/6 235/393/6 344/310/6 2334/273/6
f 235/393/6 234/394/6 343/310/6 344/310/6
f 249/322/31 250/321/31 339/195/31 337/196/31
f 273/387/7 274/207/7 334/98/7 331/98/7
f 2185/347/7 182/200/7 333/200/7 2183/395/7
f 2186/347/7 286/396/7 346/365/7 2184/199/7
f 286/396/7 285/348/7 345/373/7 346/365/7
f 2342/320/47 250/321/47 349/321/47 2346/320/47
f 214/390/5 215/389/5 350/389/5 348/390/5
f 2341/388/48 214/390/48 348/390/48 2345/388/48
f 2223/206/1 354/201/1 362/201/1 2225/397/1
f 2224/206/2 356/207/2 364/207/2 2226/398/2
f 356/207/6 355/387/6 363/387/6 364/207/6
f 357/348/3 358/396/3 366/396/3 365/348/3
f 2187/347/1 357/348/1 365/348/1 2189/400/1
f 351/200/2 353/201/2 361/201/2 359/200/2
f 354/201/1 352/200/1 360/200/1 362/201/1
f 2188/347/2 351/200/2 359/200/2 2190/399/2
f 216/274/5 213/391/5 368/391/5 367/274/5
f 234/394/7 235/393/7 370/393/7 369/394/7
f 2343/392/1 234/394/1 369/394/1 2347/392/1
f 358/396/2 2188/347/2 2190/399/2 366/396/2
f 352/200/1 2187/347/1 2189/400/1 360/200/1
f 188/200/7 2186/347/7 2184/199/7 336/200/7
f 285/348/7 2185/347/7 2183/395/7 345/373/7
f 353/201/2 2224/206/2 2226/398/2 361/201/2
f 355/387/1 2223/206/1 2225/397/1 363/387/1
f 274/207/7 2222/206/7 2202/346/7 334/98/7
f 181/201/7 2221/206/7 2201/346/7 332/201/7
f 74/13/3 2245/19/3 2257/309/3 228/723/3
f 25/724/6 2240/80/6 2256/302/6 194/725/6
f 75/728/3 2247/140/3 2248/141/3 79/729/3
f 205/727/3 2255/138/3 2247/140/3 75/728/3
f 2284/730/3 2303/135/3 2246/137/3 76/484/3
f 26/731/6 2239/79/6 2240/80/6 25/724/6
f 2267/732/6 2304/77/6 2239/79/6 26/731/6
f 5/13/131 2233/19/131 2245/19/131 74/13/131
f 37/76/2 2275/42/2 2279/115/2 381/96/2
f 64/69/2 2280/43/2 2276/15/2 39/70/2
f 228/723/3 2257/309/3 2358/289/3 2327/726/3
f 194/725/6 2256/302/6 2357/333/6 2305/721/6
f 213/391/1 2343/392/1 2347/392/1 368/391/1
f 249/322/48 2341/388/48 2345/388/48 347/322/48
f 215/389/47 2342/320/47 2346/320/47 350/389/47
f 216/274/6 2344/273/6 2334/273/6 341/174/6
f 234/394/6 2343/392/6 2333/273/6 343/310/6
f 250/321/31 2342/320/31 2317/320/31 339/195/31
f 214/390/31 2341/388/31 2316/320/31 338/65/31
f 227/168/11 2326/279/11 2324/297/11 225/303/11
f 224/304/2 2323/294/2 2325/295/2 379/308/2
f 235/393/2 2344/273/2 2348/273/2 370/393/2
usemtl Work-color
f 242/11/1 17/12/1 5/13/1 222/14/1
f 2233/19/4 12/20/4 73/20/4 2245/19/4
f 2238/21/5 22/22/5 12/20/5 2233/19/5
f 2258/23/6 223/24/6 11/25/6 2232/26/6
f 2236/27/7 24/28/7 10/29/7 2231/30/7
f 2234/31/7 9/2/7 23/1/7 2235/32/7
f 2244/33/8 56/34/8 24/28/8 2236/27/8
f 2232/26/5 11/25/5 21/35/5 2237/36/5
f 2242/37/9 54/38/9 22/22/9 2238/21/9
f 238/45/10 7/46/10 18/47/10 241/48/10
f 2278/53/1 58/54/1 44/55/1 2271/56/1
f 58/54/1 60/57/1 43/58/1 44/55/1
f 2267/59/10 26/60/10 42/61/10 2270/62/10
f 26/60/10 25/63/10 41/64/10 42/61/10
f 2304/77/6 2274/78/6 35/4/6 2239/79/6
f 2239/79/6 35/4/6 36/3/6 2240/80/6
f 33/81/2 34/82/2 78/82/2 80/81/2
f 2273/83/13 29/84/13 79/84/13 2284/85/13
f 2271/56/1 44/55/1 29/84/1 2273/83/1
f 44/55/1 43/58/1 30/89/1 29/84/1
f 2158/101/5 2143/102/5 93/102/5 295/103/5
f 42/61/1 41/64/1 59/104/1 57/105/1
f 2270/62/1 42/61/1 57/105/1 2277/106/1
f 2237/36/16 21/35/16 53/118/16 2241/119/16
f 2260/120/17 255/121/17 54/38/17 2242/37/17
f 2235/32/18 23/1/18 55/108/18 2243/122/18
f 2249/123/19 86/52/19 56/34/19 2244/33/19
f 2303/135/3 2283/136/3 77/10/3 2246/137/3
f 2255/138/3 206/139/3 80/81/3 2247/140/3
f 2247/140/3 80/81/3 78/82/3 2248/141/3
f 29/84/22 30/89/22 75/89/22 79/84/22
f 2269/7/2 9/10/2 77/10/2 2283/136/2
f 222/14/24 5/13/24 74/13/24 228/143/24
f 196/90/2 33/81/2 80/81/2 206/139/2
f 2262/152/19 281/153/19 86/52/19 2249/123/19
f 2241/119/17 53/118/17 85/154/17 2250/155/17
f 2156/98/7 2145/66/7 96/66/7 262/167/7
f 2151/171/6 2146/172/6 95/173/6 210/174/6
f 341/174/6 143/173/6 140/173/6 342/174/6
f 334/98/7 142/66/7 139/66/7 331/98/7
f 339/195/31 141/169/31 138/169/31 337/196/31
f 300/101/5 144/102/5 137/102/5 299/197/5
f 288/101/5 84/102/5 144/102/5 300/101/5
f 227/168/31 52/169/31 141/169/31 339/195/31
f 256/98/7 62/66/7 142/66/7 334/98/7
f 378/198/6 383/173/6 143/173/6 341/174/6
f 2162/199/7 151/200/7 336/200/7 2184/199/7
f 151/200/7 152/201/7 335/201/7 336/200/7
f 2204/202/32 148/203/32 186/203/32 2216/202/32
f 2216/202/32 186/203/32 184/203/32 2215/205/32
f 2194/223/7 2147/200/7 171/200/7 2168/199/7
f 2147/200/7 2148/201/7 172/201/7 171/200/7
f 2266/227/19 2197/228/19 165/220/19 2251/229/19
f 2251/229/19 165/220/19 166/222/19 2252/230/19
f 2264/250/17 2161/251/17 149/211/17 2253/252/17
f 2253/252/17 149/211/17 150/209/17 2254/253/17
f 2230/260/5 2149/203/5 170/203/5 2211/261/5
f 2149/203/5 2150/204/5 169/204/5 170/203/5
f 2328/272/6 378/198/6 341/174/6 2334/273/6
f 62/66/31 200/65/31 340/65/31 142/66/31
f 142/66/31 340/65/31 338/65/31 139/66/31
f 2352/273/6 2151/171/6 210/174/6 2330/273/6
f 2307/285/2 196/90/2 206/139/2 2314/286/2
f 30/89/38 190/287/38 205/288/38 75/89/38
f 2358/289/3 2314/286/3 206/139/3 2255/138/3
f 60/57/1 202/131/1 198/300/1 43/58/1
f 25/63/10 194/301/10 197/293/10 41/64/10
f 2240/80/6 36/3/6 191/179/6 2256/302/6
f 43/58/1 198/300/1 190/287/1 30/89/1
f 2245/19/3 73/20/3 247/307/3 2257/309/3
f 12/20/2 240/307/2 247/307/2 73/20/2
f 2143/102/6 2153/310/6 231/310/6 93/102/6
f 144/102/6 344/310/6 343/310/6 137/102/6
f 84/102/6 380/310/6 344/310/6 144/102/6
f 2326/279/31 227/168/31 339/195/31 2317/320/31
f 2321/327/44 222/14/44 228/143/44 2327/327/44
f 2308/330/1 241/48/1 243/113/1 2310/329/1
f 2311/290/1 244/49/1 242/11/1 2309/331/1
f 2305/332/10 238/45/10 241/48/10 2308/330/10
f 2357/333/6 2322/275/6 223/24/6 2258/23/6
f 2309/331/1 242/11/1 222/14/1 2321/327/1
f 2144/169/5 2155/192/5 261/311/5 94/169/5
f 2243/122/19 55/108/19 269/107/19 2259/343/19
f 141/169/5 266/192/5 265/192/5 138/169/5
f 52/169/5 254/192/5 266/192/5 141/169/5
f 2206/345/7 256/98/7 334/98/7 2202/346/7
f 2229/349/7 2156/98/7 262/167/7 2212/350/7
f 2265/353/17 2205/208/17 255/121/17 2260/120/17
f 2250/155/17 85/154/17 289/193/17 2261/368/17
f 2146/172/7 2157/373/7 296/365/7 95/173/7
f 143/173/7 346/365/7 345/373/7 140/173/7
f 383/173/7 290/365/7 346/365/7 143/173/7
f 2160/212/5 288/101/5 300/101/5 2172/212/5
f 2172/212/5 300/101/5 299/197/5 2171/374/5
f 2263/376/19 2179/258/19 281/153/19 2262/152/19
f 2193/379/5 2158/101/5 295/103/5 2167/313/5
f 713/695/2 714/696/2 730/696/2 729/695/2
f 707/697/93 713/695/93 729/695/93 726/697/93
f 710/698/92 712/699/92 728/699/92 723/698/92
f 708/700/3 707/697/3 726/697/3 725/700/3
f 714/696/95 709/702/95 724/702/95 730/696/95
f 711/701/94 708/700/94 725/700/94 727/701/94
f 709/702/6 710/698/6 723/698/6 724/702/6
f 738/703/7 729/695/7 730/696/7 733/704/7
f 727/701/7 735/709/7 732/710/7 728/699/7
f 726/697/7 729/695/7 738/703/7
f 733/704/7 730/696/7 724/702/7
f 728/699/7 732/710/7 723/698/7
f 727/701/7 725/700/7 735/709/7
f 725/700/7 726/697/7 738/703/7 735/709/7
f 732/710/7 733/704/7 724/702/7 723/698/7
f 813/695/2 814/696/2 830/696/2 829/695/2
f 807/697/93 813/695/93 829/695/93 826/697/93
f 810/698/92 812/699/92 828/699/92 823/698/92
f 808/700/3 807/697/3 826/697/3 825/700/3
f 814/696/95 809/702/95 824/702/95 830/696/95
f 811/701/94 808/700/94 825/700/94 827/701/94
f 809/702/6 810/698/6 823/698/6 824/702/6
f 838/703/7 829/695/7 830/696/7 833/704/7
f 827/701/7 835/709/7 832/710/7 828/699/7
f 826/697/7 829/695/7 838/703/7
f 833/704/7 830/696/7 824/702/7
f 828/699/7 832/710/7 823/698/7
f 827/701/7 825/700/7 835/709/7
f 825/700/7 826/697/7 838/703/7 835/709/7
f 832/710/7 833/704/7 824/702/7 823/698/7
f 913/695/2 914/696/2 930/696/2 929/695/2
f 907/697/93 913/695/93 929/695/93 926/697/93
f 910/698/92 912/699/92 928/699/92 923/698/92
f 908/700/3 907/697/3 926/697/3 925/700/3
f 914/696/95 909/702/95 924/702/95 930/696/95
f 911/701/94 908/700/94 925/700/94 927/701/94
f 909/702/6 910/698/6 923/698/6 924/702/6
f 938/703/7 929/695/7 930/696/7 933/704/7
f 927/701/7 935/709/7 932/710/7 928/699/7
f 926/697/7 929/695/7 938/703/7
f 933/704/7 930/696/7 924/702/7
f 928/699/7 932/710/7 923/698/7
f 927/701/7 925/700/7 935/709/7
f 925/700/7 926/697/7 938/703/7 935/709/7
f 932/710/7 933/704/7 924/702/7 923/698/7
f 1013/695/2 1014/696/2 1030/696/2 1029/695/2
f 1007/697/93 1013/695/93 1029/695/93 1026/697/93
f 1010/698/92 1012/699/92 1028/699/92 1023/698/92
f 1008/700/3 1007/697/3 1026/697/3 1025/700/3
f 1014/696/95 1009/702/95 1024/702/95 1030/696/95
f 1011/701/94 1008/700/94 1025/700/94 1027/701/94
f 1009/702/6 1010/698/6 1023/698/6 1024/702/6
f 1038/703/7 1029/695/7 1030/696/7 1033/704/7
f 1027/701/7 1035/709/7 1032/710/7 1028/699/7
f 1026/697/7 1029/695/7 1038/703/7
f 1033/704/7 1030/696/7 1024/702/7
f 1028/699/7 1032/710/7 1023/698/7
f 1027/701/7 1025/700/7 1035/709/7
f 1025/700/7 1026/697/7 1038/703/7 1035/709/7
f 1032/710/7 1033/704/7 1024/702/7 1023/698/7
f 1113/695/2 1114/696/2 1130/696/2 1129/695/2
f 1107/697/93 1113/695/93 1129/695/93 1126/697/93
f 1110/698/92 1112/699/92 1128/699/92 1123/698/92
f 1108/700/3 1107/697/3 1126/697/3 1125/700/3
f 1114/696/95 1109/702/95 1124/702/95 1130/696/95
f 1111/701/94 1108/700/94 1125/700/94 1127/701/94
f 1109/702/6 1110/698/6 1123/698/6 1124/702/6
f 1138/703/7 1129/695/7 1130/696/7 1133/704/7
f 1127/701/7 1135/709/7 1132/710/7 1128/699/7
f 1126/697/7 1129/695/7 1138/703/7
f 1133/704/7 1130/696/7 1124/702/7
f 1128/699/7 1132/710/7 1123/698/7
f 1127/701/7 1125/700/7 1135/709/7
f 1125/700/7 1126/697/7 1138/703/7 1135/709/7
f 1132/710/7 1133/704/7 1124/702/7 1123/698/7
f 1213/695/2 1214/696/2 1230/696/2 1229/695/2
f 1207/697/93 1213/695/93 1229/695/93 1226/697/93
f 1210/698/92 1212/699/92 1228/699/92 1223/698/92
f 1208/700/3 1207/697/3 1226/697/3 1225/700/3
f 1214/696/95 1209/702/95 1224/702/95 1230/696/95
f 1211/701/94 1208/700/94 1225/700/94 1227/701/94
f 1209/702/6 1210/698/6 1223/698/6 1224/702/6
f 1238/703/7 1229/695/7 1230/696/7 1233/704/7
f 1227/701/7 1235/709/7 1232/710/7 1228/699/7
f 1226/697/7 1229/695/7 1238/703/7
f 1233/704/7 1230/696/7 1224/702/7
f 1228/699/7 1232/710/7 1223/698/7
f 1227/701/7 1225/700/7 1235/709/7
f 1225/700/7 1226/697/7 1238/703/7 1235/709/7
f 1232/710/7 1233/704/7 1224/702/7 1223/698/7
f 1569/695/2 1585/695/2 1586/696/2 1570/696/2
f 1563/697/93 1582/697/93 1585/695/93 1569/695/93
f 1566/698/92 1579/698/92 1584/699/92 1568/699/92
f 1564/700/3 1581/700/3 1582/697/3 1563/697/3
f 1570/696/95 1586/696/95 1580/702/95 1565/702/95
f 1567/701/94 1583/701/94 1581/700/94 1564/700/94
f 1565/702/6 1580/702/6 1579/698/6 1566/698/6
f 1594/703/5 1589/704/5 1586/696/5 1585/695/5
f 1583/701/5 1584/699/5 1588/710/5 1591/709/5
f 1582/697/5 1594/703/5 1585/695/5
f 1589/704/5 1580/702/5 1586/696/5
f 1584/699/5 1579/698/5 1588/710/5
f 1583/701/5 1591/709/5 1581/700/5
f 1581/700/5 1591/709/5 1594/703/5 1582/697/5
f 1588/710/5 1579/698/5 1580/702/5 1589/704/5
f 1669/695/2 1685/695/2 1686/696/2 1670/696/2
f 1663/697/93 1682/697/93 1685/695/93 1669/695/93
f 1666/698/92 1679/698/92 1684/699/92 1668/699/92
f 1664/700/3 1681/700/3 1682/697/3 1663/697/3
f 1670/696/95 1686/696/95 1680/702/95 1665/702/95
f 1667/701/94 1683/701/94 1681/700/94 1664/700/94
f 1665/702/6 1680/702/6 1679/698/6 1666/698/6
f 1694/703/5 1689/704/5 1686/696/5 1685/695/5
f 1683/701/5 1684/699/5 1688/710/5 1691/709/5
f 1682/697/5 1694/703/5 1685/695/5
f 1689/704/5 1680/702/5 1686/696/5
f 1684/699/5 1679/698/5 1688/710/5
f 1683/701/5 1691/709/5 1681/700/5
f 1681/700/5 1691/709/5 1694/703/5 1682/697/5
f 1688/710/5 1679/698/5 1680/702/5 1689/704/5
f 1769/695/2 1785/695/2 1786/696/2 1770/696/2
f 1763/697/93 1782/697/93 1785/695/93 1769/695/93
f 1766/698/92 1779/698/92 1784/699/92 1768/699/92
f 1764/700/3 1781/700/3 1782/697/3 1763/697/3
f 1770/696/95 1786/696/95 1780/702/95 1765/702/95
f 1767/701/94 1783/701/94 1781/700/94 1764/700/94
f 1765/702/6 1780/702/6 1779/698/6 1766/698/6
f 1794/703/5 1789/704/5 1786/696/5 1785/695/5
f 1783/701/5 1784/699/5 1788/710/5 1791/709/5
f 1782/697/5 1794/703/5 1785/695/5
f 1789/704/5 1780/702/5 1786/696/5
f 1784/699/5 1779/698/5 1788/710/5
f 1783/701/5 1791/709/5 1781/700/5
f 1781/700/5 1791/709/5 1794/703/5 1782/697/5
f 1788/710/5 1779/698/5 1780/702/5 1789/704/5
f 1869/695/2 1885/695/2 1886/696/2 1870/696/2
f 1863/697/93 1882/697/93 1885/695/93 1869/695/93
f 1866/698/92 1879/698/92 1884/699/92 1868/699/92
f 1864/700/3 1881/700/3 1882/697/3 1863/697/3
f 1870/696/95 1886/696/95 1880/702/95 1865/702/95
f 1867/701/94 1883/701/94 1881/700/94 1864/700/94
f 1865/702/6 1880/702/6 1879/698/6 1866/698/6
f 1894/703/5 1889/704/5 1886/696/5 1885/695/5
f 1883/701/5 1884/699/5 1888/710/5 1891/709/5
f 1882/697/5 1894/703/5 1885/695/5
f 1889/704/5 1880/702/5 1886/696/5
f 1884/699/5 1879/698/5 1888/710/5
f 1883/701/5 1891/709/5 1881/700/5
f 1881/700/5 1891/709/5 1894/703/5 1882/697/5
f 1888/710/5 1879/698/5 1880/702/5 1889/704/5
f 1969/695/2 1985/695/2 1986/696/2 1970/696/2
f 1963/697/93 1982/697/93 1985/695/93 1969/695/93
f 1966/698/92 1979/698/92 1984/699/92 1968/699/92
f 1964/700/3 1981/700/3 1982/697/3 1963/697/3
f 1970/696/95 1986/696/95 1980/702/95 1965/702/95
f 1967/701/94 1983/701/94 1981/700/94 1964/700/94
f 1965/702/6 1980/702/6 1979/698/6 1966/698/6
f 1994/703/5 1989/704/5 1986/696/5 1985/695/5
f 1983/701/5 1984/699/5 1988/710/5 1991/709/5
f 1982/697/5 1994/703/5 1985/695/5
f 1989/704/5 1980/702/5 1986/696/5
f 1984/699/5 1979/698/5 1988/710/5
f 1983/701/5 1991/709/5 1981/700/5
f 1981/700/5 1991/709/5 1994/703/5 1982/697/5
f 1988/710/5 1979/698/5 1980/702/5 1989/704/5
f 2069/695/2 2085/695/2 2086/696/2 2070/696/2
f 2063/697/93 2082/697/93 2085/695/93 2069/695/93
f 2066/698/92 2079/698/92 2084/699/92 2068/699/92
f 2064/700/3 2081/700/3 2082/697/3 2063/697/3
f 2070/696/95 2086/696/95 2080/702/95 2065/702/95
f 2067/701/94 2083/701/94 2081/700/94 2064/700/94
f 2065/702/6 2080/702/6 2079/698/6 2066/698/6
f 2094/703/5 2089/704/5 2086/696/5 2085/695/5
f 2083/701/5 2084/699/5 2088/710/5 2091/709/5
f 2082/697/5 2094/703/5 2085/695/5
f 2089/704/5 2080/702/5 2086/696/5
f 2084/699/5 2079/698/5 2088/710/5
f 2083/701/5 2091/709/5 2081/700/5
f 2081/700/5 2091/709/5 2094/703/5 2082/697/5
f 2088/710/5 2079/698/5 2080/702/5 2089/704/5
f 2171/374/5 299/197/5 2158/101/5 2193/379/5
f 140/173/7 345/373/7 2157/373/7 2146/172/7
f 2201/346/7 331/98/7 2156/98/7 2229/349/7
f 138/169/5 265/192/5 2155/192/5 2144/169/5
f 137/102/6 343/310/6 2153/310/6 2143/102/6
f 2333/273/6 342/174/6 2151/171/6 2352/273/6
f 184/203/118 183/204/118 2150/204/118 2149/203/118
f 2215/205/119 184/203/119 2149/203/119 2230/260/119
f 333/200/7 332/201/7 2148/201/7 2147/200/7
f 2183/395/7 333/200/7 2147/200/7 2194/223/7
f 342/174/6 140/173/6 2146/172/6 2151/171/6
f 331/98/7 139/66/7 2145/66/7 2156/98/7
f 299/197/5 137/102/5 2143/102/5 2158/101/5
f 345/373/7 2183/395/7 2194/223/7 2157/373/7
f 183/204/121 2171/374/121 2193/379/121 2150/204/121
f 2150/204/5 2193/379/5 2167/313/5 169/204/5
f 2252/230/19 166/222/19 2179/258/19 2263/376/19
f 185/204/122 2172/212/122 2171/374/122 183/204/122
f 147/204/122 2160/212/122 2172/212/122 185/204/122
f 2261/368/17 289/193/17 2161/251/17 2264/250/17
f 2157/373/7 2194/223/7 2168/199/7 296/365/7
f 290/365/7 2162/199/7 2184/199/7 346/365/7
f 265/192/5 2215/205/5 2230/260/5 2155/192/5
f 332/201/7 2201/346/7 2229/349/7 2148/201/7
f 2254/253/17 150/209/17 2205/208/17 2265/353/17
f 2148/201/7 2229/349/7 2212/350/7 172/201/7
f 152/201/7 2206/345/7 2202/346/7 335/201/7
f 2155/192/5 2230/260/5 2211/261/5 261/311/5
f 2259/343/19 269/107/19 2197/228/19 2266/227/19
f 266/192/5 2216/202/5 2215/205/5 265/192/5
f 254/192/5 2204/202/5 2216/202/5 266/192/5
f 253/342/19 2259/343/19 2266/227/19 2203/231/19
f 163/238/17 2254/253/17 2265/353/17 2196/351/17
f 280/372/17 2261/368/17 2264/250/17 2178/235/17
f 145/234/19 2252/230/19 2263/376/19 2159/377/19
f 2159/377/19 2263/376/19 2262/152/19 287/144/19
f 83/145/17 2250/155/17 2261/368/17 280/372/17
f 2196/351/17 2265/353/17 2260/120/17 268/129/17
f 46/341/19 2243/122/19 2259/343/19 253/342/19
f 2305/721/6 2357/333/6 2258/23/6 238/722/6
f 2327/726/3 2358/289/3 2255/138/3 205/727/3
f 164/236/17 2253/252/17 2254/253/17 163/238/17
f 2178/235/17 2264/250/17 2253/252/17 164/236/17
f 146/232/19 2251/229/19 2252/230/19 145/234/19
f 2203/231/19 2266/227/19 2251/229/19 146/232/19
f 50/112/17 2241/119/17 2250/155/17 83/145/17
f 287/144/19 2262/152/19 2249/123/19 81/133/19
f 9/2/126 2234/31/126 2246/31/126 77/2/126
f 81/133/19 2249/123/19 2244/33/19 45/134/19
f 14/659/127 2235/32/127 2243/122/127 46/341/127
f 268/129/17 2260/120/17 2242/37/17 49/50/17
f 18/47/128 2237/36/128 2241/119/128 50/112/128
f 49/50/129 2242/37/129 2238/21/129 17/12/129
f 7/46/5 2232/26/5 2237/36/5 18/47/5
f 45/134/130 2244/33/130 2236/27/130 13/656/130
f 1/142/7 2234/31/7 2235/32/7 14/659/7
f 13/656/7 2236/27/7 2231/30/7 3/424/7
f 238/722/6 2258/23/6 2232/26/6 7/46/6
f 17/12/5 2238/21/5 2233/19/5 5/13/5
f 3/424/6 2231/30/6 2304/77/6 2267/732/6
f 79/729/3 2248/141/3 2303/135/3 2284/730/3
f 34/82/2 2269/7/2 2283/136/2 78/82/2
f 2248/141/3 78/82/3 2283/136/3 2303/135/3
f 13/637/1 2270/62/1 2277/106/1 45/694/1
f 14/641/1 2271/56/1 2273/83/1 1/420/1
f 1/420/132 2273/83/132 2284/85/132 76/420/132
f 2231/30/6 10/29/6 2274/78/6 2304/77/6
f 3/633/10 2267/59/10 2270/62/10 13/637/10
f 46/132/1 2278/53/1 2271/56/1 14/641/1
f 343/310/6 2333/273/6 2352/273/6 2153/310/6
f 198/300/1 2309/331/1 2321/327/1 190/287/1
f 2256/302/6 191/179/6 2322/275/6 2357/333/6
f 194/301/10 2305/332/10 2308/330/10 197/293/10
f 202/131/1 2311/290/1 2309/331/1 198/300/1
f 197/293/1 2308/330/1 2310/329/1 201/282/1
f 190/287/133 2321/327/133 2327/327/133 205/288/133
f 200/65/31 2326/279/31 2317/320/31 340/65/31
f 2257/309/3 247/307/3 2314/286/3 2358/289/3
f 240/307/2 2307/285/2 2314/286/2 247/307/2
f 2153/310/6 2352/273/6 2330/273/6 231/310/6
f 380/310/6 2328/272/6 2334/273/6 344/310/6
usemtl Track_mater
f 418/407/56 401/408/56 431/408/56 436/407/56
f 473/418/58 485/419/58 413/13/58 408/420/58
f 506/421/59 474/422/59 409/17/59 414/111/59
f 460/426/3 458/427/3 442/428/3 440/429/3
f 448/412/6 446/411/6 451/434/6 455/435/6
f 407/424/60 449/453/60 454/451/60 412/46/60
f 457/438/61 414/111/61 409/9/61 443/454/61
f 445/417/62 410/183/62 411/51/62 452/452/62
f 415/455/6 416/459/6 433/459/6 437/455/6
f 417/409/3 418/407/3 436/407/3 438/409/3
f 416/459/63 400/431/63 434/431/63 433/459/63
f 402/416/64 417/409/64 438/409/64 435/416/64
f 399/456/57 415/455/57 437/455/57 432/456/57
f 528/470/1 402/416/1 435/416/1 616/470/1
f 517/473/2 399/456/2 432/456/2 605/474/2
f 460/426/65 440/429/65 439/483/65 461/445/65
f 457/438/66 443/454/66 442/428/66 458/427/66
f 448/412/67 455/435/67 454/451/67 449/453/67
f 445/417/68 452/452/68 451/434/68 446/411/68
f 413/13/69 461/445/69 439/483/69 408/484/69
f 401/408/2 507/423/2 595/471/2 431/408/2
f 507/423/2 508/485/2 596/486/2 595/471/2
f 508/485/2 509/487/2 597/487/2 596/486/2
f 509/487/2 510/488/2 598/489/2 597/487/2
f 510/488/2 511/490/2 599/491/2 598/489/2
f 511/490/2 512/492/2 600/493/2 599/491/2
f 512/492/2 513/494/2 601/495/2 600/493/2
f 513/494/2 514/496/2 602/497/2 601/495/2
f 514/496/2 515/498/2 603/498/2 602/497/2
f 515/498/2 516/499/2 604/500/2 603/498/2
f 516/499/2 517/473/2 605/474/2 604/500/2
f 400/431/1 518/430/1 606/501/1 434/431/1
f 518/430/1 519/502/1 607/503/1 606/501/1
f 519/502/1 520/504/1 608/504/1 607/503/1
f 520/504/1 521/505/1 609/506/1 608/504/1
f 521/505/1 522/507/1 610/508/1 609/506/1
f 522/507/1 523/509/1 611/510/1 610/508/1
f 523/509/1 524/511/1 612/511/1 611/510/1
f 524/511/1 525/512/1 613/512/1 612/511/1
f 525/512/1 526/513/1 614/514/1 613/512/1
f 526/513/1 527/515/1 615/516/1 614/514/1
f 527/515/1 528/470/1 616/470/1 615/516/1
f 411/51/70 410/40/70 484/623/70 496/443/70
f 496/443/59 484/623/59 483/624/59 497/594/59
f 497/594/70 483/624/70 482/625/70 498/593/70
f 498/593/59 482/625/59 481/626/59 499/5/59
f 499/5/70 481/626/70 480/627/70 500/592/70
f 500/592/59 480/627/59 479/628/59 501/591/59
f 501/591/70 479/628/70 478/629/70 502/590/70
f 502/590/59 478/629/59 477/630/59 503/110/59
f 503/110/70 477/630/70 476/631/70 504/589/70
f 504/589/59 476/631/59 475/632/59 505/588/59
f 505/588/70 475/632/70 474/422/70 506/421/70
f 407/633/71 412/46/71 495/595/71 463/634/71
f 463/634/58 495/595/58 494/596/58 464/635/58
f 464/635/71 494/596/71 493/597/71 465/636/71
f 465/636/58 493/597/58 492/598/58 466/637/58
f 466/637/71 492/598/71 491/599/71 467/638/71
f 467/638/58 491/599/58 490/600/58 468/639/58
f 468/639/71 490/600/71 489/601/71 469/640/71
f 469/640/58 489/601/58 488/602/58 470/641/58
f 470/641/71 488/602/71 487/603/71 471/642/71
f 471/642/58 487/603/58 486/604/58 472/643/58
f 472/643/71 486/604/71 485/419/71 473/418/71
f 1274/407/56 1292/407/56 1287/408/56 1257/408/56
f 1329/418/58 1264/420/58 1269/13/58 1341/419/58
f 1362/421/59 1270/111/59 1265/17/59 1330/422/59
f 1316/426/3 1296/429/3 1298/428/3 1314/427/3
f 1304/412/6 1311/435/6 1307/434/6 1302/411/6
f 1263/424/60 1268/46/60 1310/451/60 1305/453/60
f 1313/438/61 1299/454/61 1265/9/61 1270/111/61
f 1301/417/62 1308/452/62 1267/51/62 1266/183/62
f 1271/455/6 1293/455/6 1289/459/6 1272/459/6
f 1273/409/3 1294/409/3 1292/407/3 1274/407/3
f 1272/459/63 1289/459/63 1290/431/63 1256/431/63
f 1258/416/64 1291/416/64 1294/409/64 1273/409/64
f 1255/456/57 1288/456/57 1293/455/57 1271/455/57
f 1384/470/1 1472/470/1 1291/416/1 1258/416/1
f 1373/473/2 1461/474/2 1288/456/2 1255/456/2
f 1316/426/65 1317/445/65 1295/483/65 1296/429/65
f 1313/438/66 1314/427/66 1298/428/66 1299/454/66
f 1304/412/67 1305/453/67 1310/451/67 1311/435/67
f 1301/417/68 1302/411/68 1307/434/68 1308/452/68
f 1269/13/69 1264/484/69 1295/483/69 1317/445/69
f 1257/408/2 1287/408/2 1451/471/2 1363/423/2
f 1363/423/2 1451/471/2 1452/486/2 1364/485/2
f 1364/485/2 1452/486/2 1453/487/2 1365/487/2
f 1365/487/2 1453/487/2 1454/489/2 1366/488/2
f 1366/488/2 1454/489/2 1455/491/2 1367/490/2
f 1367/490/2 1455/491/2 1456/493/2 1368/492/2
f 1368/492/2 1456/493/2 1457/495/2 1369/494/2
f 1369/494/2 1457/495/2 1458/497/2 1370/496/2
f 1370/496/2 1458/497/2 1459/498/2 1371/498/2
f 1371/498/2 1459/498/2 1460/500/2 1372/499/2
f 1372/499/2 1460/500/2 1461/474/2 1373/473/2
f 1256/431/1 1290/431/1 1462/501/1 1374/430/1
f 1374/430/1 1462/501/1 1463/503/1 1375/502/1
f 1375/502/1 1463/503/1 1464/504/1 1376/504/1
f 1376/504/1 1464/504/1 1465/506/1 1377/505/1
f 1377/505/1 1465/506/1 1466/508/1 1378/507/1
f 1378/507/1 1466/508/1 1467/510/1 1379/509/1
f 1379/509/1 1467/510/1 1468/511/1 1380/511/1
f 1380/511/1 1468/511/1 1469/512/1 1381/512/1
f 1381/512/1 1469/512/1 1470/514/1 1382/513/1
f 1382/513/1 1470/514/1 1471/516/1 1383/515/1
f 1383/515/1 1471/516/1 1472/470/1 1384/470/1
f 1267/51/70 1352/443/70 1340/623/70 1266/40/70
f 1352/443/59 1353/594/59 1339/624/59 1340/623/59
f 1353/594/70 1354/593/70 1338/625/70 1339/624/70
f 1354/593/59 1355/5/59 1337/626/59 1338/625/59
f 1355/5/70 1356/592/70 1336/627/70 1337/626/70
f 1356/592/59 1357/591/59 1335/628/59 1336/627/59
f 1357/591/70 1358/590/70 1334/629/70 1335/628/70
f 1358/590/59 1359/110/59 1333/630/59 1334/629/59
f 1359/110/70 1360/589/70 1332/631/70 1333/630/70
f 1360/589/59 1361/588/59 1331/632/59 1332/631/59
f 1361/588/70 1362/421/70 1330/422/70 1331/632/70
f 1263/633/71 1319/634/71 1351/595/71 1268/46/71
f 1319/634/58 1320/635/58 1350/596/58 1351/595/58
f 1320/635/71 1321/636/71 1349/597/71 1350/596/71
f 1321/636/58 1322/637/58 1348/598/58 1349/597/58
f 1322/637/71 1323/638/71 1347/599/71 1348/598/71
f 1323/638/58 1324/639/58 1346/600/58 1347/599/58
f 1324/639/71 1325/640/71 1345/601/71 1346/600/71
f 1325/640/58 1326/641/58 1344/602/58 1345/601/58
f 1326/641/71 1327/642/71 1343/603/71 1344/602/71
f 1327/642/58 1328/643/58 1342/604/58 1343/603/58
f 1328/643/71 1329/418/71 1341/419/71 1342/604/71
usemtl Metal
f 2103/711/7 2104/609/7 2098/183/7 2097/424/7
f 2097/424/6 2098/183/6 2102/51/6 2101/46/6
f 2110/712/5 2108/589/5 2113/111/5 2114/13/5
f 2100/713/1 2096/714/1 2116/714/1 2117/713/1
f 2107/642/1 2110/712/1 2114/13/1 2111/420/1
f 2108/589/2 2109/715/2 2112/17/2 2113/111/2
f 2102/51/2 2098/40/2 2104/716/2 2106/717/2
f 2097/633/1 2101/46/1 2105/718/1 2103/639/1
f 2101/46/5 2102/51/5 2106/717/5 2105/718/5
f 2107/615/7 2109/611/7 2104/609/7 2103/711/7
f 2111/142/7 2112/432/7 2109/611/7 2107/615/7
f 2106/717/116 2104/716/116 2109/715/116 2108/589/116
f 2103/639/1 2105/718/1 2110/712/1 2107/642/1
f 2105/718/5 2106/717/5 2108/589/5 2110/712/5
f 2095/719/3 2096/714/3 2112/9/3 2111/484/3
f 2100/713/3 2099/720/3 2114/13/3 2113/111/3
f 2099/720/3 2095/719/3 2111/484/3 2114/13/3
f 2096/714/3 2100/713/3 2113/111/3 2112/9/3
f 2099/720/7 2100/713/7 2117/713/7 2118/720/7
f 2095/719/2 2099/720/2 2118/720/2 2115/719/2
f 2096/714/5 2095/719/5 2115/719/5 2116/714/5
f 2127/711/5 2121/424/5 2122/183/5 2128/609/5
f 2121/424/6 2125/46/6 2126/51/6 2122/183/6
f 2134/712/7 2138/13/7 2137/111/7 2132/589/7
f 2124/713/1 2141/713/1 2140/714/1 2120/714/1
f 2131/642/1 2135/420/1 2138/13/1 2134/712/1
f 2132/589/2 2137/111/2 2136/17/2 2133/715/2
f 2126/51/2 2130/717/2 2128/716/2 2122/40/2
f 2121/633/1 2127/639/1 2129/718/1 2125/46/1
f 2125/46/7 2129/718/7 2130/717/7 2126/51/7
f 2131/615/5 2127/711/5 2128/609/5 2133/611/5
f 2135/142/5 2131/615/5 2133/611/5 2136/432/5
f 2130/717/116 2132/589/116 2133/715/116 2128/716/116
f 2127/639/1 2131/642/1 2134/712/1 2129/718/1
f 2129/718/7 2134/712/7 2132/589/7 2130/717/7
f 2119/719/3 2135/484/3 2136/9/3 2120/714/3
f 2124/713/3 2137/111/3 2138/13/3 2123/720/3
f 2123/720/3 2138/13/3 2135/484/3 2119/719/3
f 2120/714/3 2136/9/3 2137/111/3 2124/713/3
f 2123/720/5 2142/720/5 2141/713/5 2124/713/5
f 2119/719/2 2139/719/2 2142/720/2 2123/720/2
f 2120/714/7 2140/714/7 2139/719/7 2119/719/7
usemtl Beton
f 2118/720/3 2117/713/3 2116/714/3 2115/719/3
f 2142/720/3 2139/719/3 2140/714/3 2141/713/3
